What,Where,Name,ID ,,,,,
Data Type,2.A.1,Address,AD,,,,,
Data Type,2.A.2,Authorization Information,AUI,,,,,
Data Type,2.A.3,Charge Code And Date,CCD,,,,,
Data Type,2.A.4,Channel Calibration Parameters,CCP,,,,,
Data Type,2.A.5,Channel Definition,CD,,,,,
Data Type,2.A.6,Coded Entry,CE,,,,,
Data Type,2.A.7,Coded Element With Formatted Values,CF,,,,,
Data Type,Deprecated,Composite,CM,,,,,
Data Type,2.A.8,Coded With No Exceptions,CNE,,,,,
Data Type,2.A.9,Composite Id Number And Name Simplified,CNN,,,,,
Data Type,2.A.10,Composite Price,CP,,,,,
Data Type,2.A.11,Composite Quantity With Units,CQ,,,,,
Data Type,2.A.12,Channel Sensitivity And Units,CSU,,,,,
Data Type,2.A.13,Coded With Exceptions,CWE,,,,,
Data Type,2.A.14,Extended Composite Id With Check Digit,CX,,,,,
Data Type,2.A.15,Daily Deductible Information,DDI,,,,,
Data Type,2.A.16,Date And Institution Name,DIN,,,,,
Data Type,2.A.17,Discharge To Location And Date,DLD,,,,,
Data Type,2.A.18,Driver's License Number,DLN,,,,,
Data Type,2.A.19,Delta,DLT,,,,,
Data Type,2.A.20,Date/Time Range,DR,,,,,
Data Type,2.A.21,Date,DT,,,,,
Data Type,2.A.22,Date/Time,DTM,,,,,
Data Type,2.A.23,Day Type And Number,DTN,,,,,
Data Type,2.A.24,Encapsulated Data,ED,,,,,
Data Type,2.A.25,Entity Identifier,EI,,,,,
Data Type,2.A.26,Entity Identifier Pair,EIP,,,,,
Data Type,2.A.27,Error Location And Description,ELD,,,,,
Data Type,2.A.28,Error Location,ERL,,,,,
Data Type,2.A.29,Financial Class,FC,,,,,
Data Type,2.A.30,Family Name,FN,,,,,
Data Type,2.A.31,Formatted Text Data,FT,,,,,
Data Type,2.A.32,General Timing Specification,GTS,,,,,
Data Type,2.A.33,Hierarchic Designator,HD,,,,,
Data Type,2.A.34,Insurance Certification Definition,ICD,,,,,
Data Type,2.A.35,Coded Value For Hl7 Defined Tables,ID,,,,,
Data Type,2.A.36,Coded Value For User,IS,,,,,
Data Type,2.A.37,Job Code/Class,JCC,,,,,
Data Type,2.A.38,Location With Address Variation 1,LA1,,,,,
Data Type,2.A.39,Location With Address Variation 2,LA2,,,,,
Data Type,2.A.40,Multiplexed Array,MA,,,,,
Data Type,2.A.41,Money,MO,,,,,
Data Type,2.A.42,Money And Charge Code,MOC,,,,,
Data Type,2.A.43,Money Or Percentage,MOP,,,,,
Data Type,2.A.44,Message Type,MSG,,,,,
Data Type,2.A.45,Numeric Array,NA,,,,,
Data Type,2.A.46,Name With Date And Location,NDL,,,,,
Data Type,2.A.47,Numeric,NM,,,,,
Data Type,2.A.48,Numeric Range,NR,,,,,
Data Type,2.A.49,Occurrence Code And Date,OCD,,,,,
Data Type,2.A.50,Observation Grouper,OG,,,,,
Data Type,2.A.51,Order Sequence Definition,OSD,,,,,
Data Type,2.A.52,Occurrence Span Code And Date,OSP,,,,,
Data Type,2.A.53,Practitioner Institutional Privileges,PIP,,,,,
Data Type,2.A.54,Person Location,PL,,,,,
Data Type,2.A.55,Practitioner License Or Other Id Number,PLN,,,,,
Data Type,2.A.56,Performing Person Time Stamp,PPN,,,,,
Data Type,2.A.57,Parent Result Link,PRL,,,,,
Data Type,2.A.58,Processing Type,PT,,,,,
Data Type,2.A.59,Policy Type And Amount,PTA,,,,,
Data Type,2.A.60,Query Input Parameter List,QIP,,,,,
Data Type,2.A.61,Query Selection Criteria,QSC,,,,,
Data Type,2.A.62,Row Column Definition,RCD,,,,,
Data Type,2.A.63,Reference Range,RFR,,,,,
Data Type,2.A.64,Repeat Interval,RI,,,,,
Data Type,2.A.65,Room Coverage,RMC,,,,,
Data Type,2.A.66,Reference Pointer,RP,,,,,
Data Type,2.A.67,Repeat Pattern,RPT,,,,,
Data Type,2.A.68,Street Address,SAD,,,,,
Data Type,2.A.69,Scheduling Class Value Pair,SCV,,,,,
Data Type,2.A.70,Sequence Id,SI,,,,,
Data Type,2.A.71,Structured Numeric,SN,,,,,
Data Type,2.A.72,String Of Telephone Number Digits,SNM,,,,,
Data Type,2.A.73,Specialty Description,SPD,,,,,
Data Type,2.A.74,Specimen Source,SPS,,,,,
Data Type,2.A.75,Sort Order,SRT,,,,,
Data Type,2.A.76,String Data,ST,,,,,
Data Type,2.A.77,Time,TM,,,,,
Data Type,2.A.78,Timing/Quantity,TQ,,,,,
Data Type,2.A.79,Timestamp,TS,,,,,
Data Type,2.A.80,Text Data,TX,,,,,
Data Type,2.A.81,Ub Value Code And Amount,UVC,,,,,
Data Type,2.A.82,Visiting Hours,VH,,,,,
Data Type,2.A.83,Version Identifier,VID,,,,,
Data Type,2.A.84,Value Range,VR,,,,,
Data Type,2.A.85,Channel Identifier,WVI,,,,,
Data Type,2.A.86,Waveform Source,WVS,,,,,
Data Type,2.A.87,Extended Address,XAD,,,,,
Data Type,2.A.88,Extended Composite Id Number And Name For Persons,XCN,,,,,
Data Type,2.A.89,Extended Composite Name And Identification Number For Organizations,XON,,,,,
Data Type,2.A.90,Extended Person Name,XPN,,,,,
Data Type,2.A.91,Extended Telecommunication Number,XTN,,,,,
Message Type,3,General acknowledgment message,ACK,,,,,
Message Type,3,ADT message,ADT,,,,,
Message Type,6,Add/change billing account,BAR,,,,,
Message Type,4,Blood product dispense status message,BPS,,,,,
Message Type,4,Blood product dispense status acknowledgement message,BRP,,,,,
Message Type,4,Blood product transfusion/disposition acknowledgement message,BRT,,,,,
Message Type,4,Blood product transfusion/disposition message,BTS,,,,,
Message Type,11,Collaborative Care Fetch,CCF,,,,,
Message Type,11,Collaborative Care Information,CCI,,,,,
Message Type,11,Collaborative Care Message,CCM,,,,,
Message Type,11,Collaborative Care Referral,CCQ,,,,,
Message Type,11,Collaborative Care Referral,CCR,,,,,
Message Type,11,Collaborative Care Referral,CCU,,,,,
Message Type,11,Collaborative Care Referral,CQU,,,,,
Message Type,7,Clinical study registration message,CRM,,,,,
Message Type,7,Unsolicited study data message,CSU,,,,,
Message Type,4,Create Donor Record,DBC,,,,,
Message Type,4,Update Donor Record,DBU,,,,,
Message Type,4,Donor Eligibility,DEL,,,,,
Message Type,4,Donor Eligibility Observation,DEO,,,,,
Message Type,4,Donor Eligibility Request,DER,,,,,
Message Type,6,Detail financial transactions,DFT,,,,,
Message Type,4,Donation Procedure,DPR,,,,,
Message Type,4,Donor Request to Collect,DRC,,,,,
Message Type,6,Diagnostic Related Group,DRG,,,,,
Message Type,13,Automated equipment command message,EAC,,,,,
Message Type,13,Automated equipment notification message,EAN,,,,,
Message Type,13,Automated equipment response message,EAR,,,,,
Message Type,16,Health Care Invoice,EHC,,,,,
Message Type,13,Automated equipment status update acknowledgment message,ESR,,,,,
Message Type,13,Automated equipment status update message,ESU,,,,,
Message Type,13,Automated equipment inventory request message,INR,,,,,
Message Type,13,Automated equipment inventory update message,INU,,,,,
Message Type,13,Automated equipment log/service request message,LSR,,,,,
Message Type,13,Automated equipment log/service update message,LSU,,,,,
Message Type,9,Medical document management,MDM,,,,,
Message Type,8,Master files application acknowledgment,MFK,,,,,
Message Type,8,Master files notification,MFN,,,,,
Message Type,14,Application management data message,NMD,,,,,
Message Type,4,Blood product order message,OMB,,,,,
Message Type,4,Dietary order,OMD,,,,,
Message Type,4,General clinical order message,OMG,,,,,
Message Type,4,Imaging order,OMI,,,,,
Message Type,4,Laboratory order message,OML,,,,,
Message Type,4,Non-stock requisition order message,OMN,,,,,
Message Type,4,Pharmacy/treatment order message ,OMP,,,,,
Message Type,4,General order message with document payload,OMQ,,,,,
Message Type,4,Stock requisition order message,OMS,,,,,
Message Type,4,Population/Location-Based Laboratory Order Message,OPL,,,,,
Message Type,4,Population/Location-Based Laboratory Order Acknowledgment Message,OPR,,,,,
Message Type,7,Unsolicited Population/Location-Based Laboratory Observation Message,OPU,,,,,
Message Type,7,Observation Report Acknowledgment,ORA,,,,,
Message Type,4,Blood product order acknowledgement message,ORB,,,,,
Message Type,4,Dietary order acknowledgment message,ORD,,,,,
Message Type,4,General clinical order acknowledgment message,ORG,,,,,
Message Type,4,Imaging order acknowledgement message,ORI,,,,,
Message Type,4,Laboratory acknowledgment message (unsolicited),ORL,,,,,
Message Type,4,General order meessage,ORM,,,,,
Message Type,4,Non-stock requisition|General order acknowledgment message,ORN,,,,,
Message Type,4,Pharmacy/treatment order acknowledgment message ,ORP,,,,,
Message Type,4,Stock requisition|Order acknowledgment message,ORS,,,,,
Message Type,7,"Unsolicited transmission of an observation message,",ORU,,,,,
Message Type,4,General Order Message with Document Payload Acknowledgement,ORX,,,,,
Message Type,7,Specimen Shipment Message,OSM,,,,,
Message Type,4,Order status update,OSU,,,,,
Message Type,7,Unsolicited laboratory observation message,OUL,,,,,
Message Type,7,Product experience message,PEX,,,,,
Message Type,12,Patient goal message,PGL,,,,,
Message Type,11,Patient insurance information,PIN,,,,,
Message Type,15,Add personnel record,PMU,,,,,
Message Type,12,Patient pathway message (goal-oriented),PPG,,,,,
Message Type,12,Patient pathway message (problem-oriented),PPP,,,,,
Message Type,12,Patient problem message,PPR,,,,,
Message Type,3,"Query by parameter,",QBP,,,,,
Message Type,5,Cancel query,QCN,,,,,
Message Type,5,Create subscription,QSB,,,,,
Message Type,5,Cancel subscription/acknowledge message,QSX,,,,,
Message Type,5,Query for previous events,QVR,,,,,
Message Type,4,Pharmacy/treatment administration message,RAS,,,,,
Message Type,4,Pharmacy/treatment encoded order message,RDE,,,,,
Message Type,5,Pharmacy/treatment dispense information,RDR,,,,,
Message Type,4,Pharmacy/treatment dispense message,RDS,,,,,
Message Type,5,Display based response,RDY,,,,,
Message Type,11,Patient referral,REF,,,,,
Message Type,4,Pharmacy/treatment give message,RGV,,,,,
Message Type,11,Return patient authorization,RPA,,,,,
Message Type,11,Return patient information,RPI,,,,,
Message Type,11,Return patient display list,RPL,,,,,
Message Type,11,Return patient list,RPR,,,,,
Message Type,11,Request patient authorization,RQA,,,,,
Message Type,11,Request patient information,RQI,,,,,
Message Type,11,Request patient demographics,RQP,,,,,
Message Type,4,Pharmacy/treatment administration acknowledgment message ,RRA,,,,,
Message Type,4,Pharmacy/treatment dispense acknowledgment message ,RRD,,,,,
Message Type,4,Pharmacy/treatment encoded order acknowledgment message ,RRE,,,,,
Message Type,4,Pharmacy/treatment give acknowledgment message ,RRG,,,,,
Message Type,11,Return referral information,RRI,,,,,
Message Type,16,"Segment pattern response,",RSP,,,,,
Message Type,5,Tabular response,RTB,,,,,
Message Type,17,Notification of Anti-Microbial Device Cycle Data,SCN,,,,,
Message Type,17,Notification of Anti-Microbial Device Data,SDN,,,,,
Message Type,17,Sterilization anti-microbial device data request,SDR,,,,,
Message Type,10,Schedule information unsolicited,SIU,,,,,
Message Type,17,Notification of New Sterilization Lot,SLN,,,,,
Message Type,17,Sterilization lot request,SLR,,,,,
Message Type,17,Sterilization anti-microbial device cycle data request,SMD,,,,,
Message Type,10,Schedule request message,SRM,,,,,
Message Type,10,Scheduled request response,SRR,,,,,
Message Type,13,Specimen status request message,SSR,,,,,
Message Type,13,Specimen status update message,SSU,,,,,
Message Type,17,Notification of Sterilization Configuration,STC,,,,,
Message Type,17,Sterilization item request,STI,,,,,
Message Type,13,Automated equipment test code settings request message,TCR,,,,,
Message Type,13,Automated equipment test code settings update message,TCU,,,,,
Message Type,5,Unsolicited display update message,UDM,,,,,
Message Type,4,Unsolicited vaccination record update,VXU,,,,,
Table,2.C.2.167,Insurance Company Contact Reason ,User0232,,,,,
Table,2.C.2.244,Policy Source ,User0313,,,,,
Table,2.C.2.385,Reimbursement Type Code ,User0470,,,,,
Table,2.C.2.103,Accept/Application Acknowledgment Conditions ,HL70155,,,,,
Table,2.C.2.495,Access Restriction Reason Code ,User0719,,,,,
Table,2.C.2.494,Access Restriction Value ,User0717,,,,,
Table,2.C.2.27,Accident Code ,User0050,,,,,
Table,2.C.2.81,Accommodation Code ,User0129,,,,,
Table,2.C.2.70,Account Status ,User0117,,,,,
Table,2.C.2.8,Acknowledgment Code ,HL70008,,,,,
Table,2.C.2.535,Acquisition Modality ,User0910,,,,,
Table,2.C.2.186,Action Taken in Response to the Event ,HL70251,,,,,
Table,2.C.2.127,Active/Inactive ,HL70183,,,,,
Table,2.C.2.531,ActPriority ,User0906,,,,,
Table,2.C.2.296,Additive/Preservative ,HL70371,,,,,
Table,2.C.2.480,Address Expiration Reason ,User0616,,,,,
Table,2.C.2.134,Address Type ,HL70190,,,,,
Table,2.C.2.481,Address Usage ,HL70617,,,,,
Table,2.C.2.475,Adjustment Action ,User0569,,,,,
Table,2.C.2.470,Adjustment Category Code ,User0564,,,,,
Table,2.C.2.109,Administration Device ,User0164,,,,,
Table,2.C.2.110,Administration Method ,User0165,,,,,
Table,2.C.2.1,Administrative Sex ,User0001,,,,,
Table,2.C.2.349,Admission Level of Care Code ,User0432,,,,,
Table,2.C.2.7,Admission Type ,User0007,,,,,
Table,2.C.2.16,Admit Source ,User0023,,,,,
Table,2.C.2.352,Advance Directive Code ,User0435,,,,,
Table,2.C.2.267,Advanced Beneficiary Notice Code ,User0339,,,,,
Table,2.C.2.459,Advanced Beneficiary Notice Override Reason ,HL70552,,,,,
Table,2.C.2.354,Alert Device Code ,User0437,,,,,
Table,2.C.2.292,Alert Level ,HL70367,,,,,
Table,2.C.2.79,Allergen Type ,User0127,,,,,
Table,2.C.2.355,Allergy Clinical Status ,User0438,,,,,
Table,2.C.2.80,Allergy Severity ,User0128,,,,,
Table,2.C.2.106,Allow Substitution ,HL70161,,,,,
Table,2.C.2.212,Allow Substitution Codes ,User0279,,,,,
Table,2.C.2.281,Alternate Character Set Handling Scheme ,HL70356,,,,,
Table,2.C.2.148,Alternate Character Sets ,HL70211,,,,,
Table,2.C.2.381,Ambulatory Payment Classification Code ,User0466,,,,,
Table,2.C.2.9,Ambulatory Status ,User0009,,,,,
Table,2.C.2.136,Amount Class ,User0193,,,,,
Table,2.C.2.95,Amount Type ,User0146,,,,,
Table,2.C.2.314,Analyte Repeat Status ,HL70389,,,,,
Table,2.C.2.13,Anesthesia Code ,User0019,,,,,
Table,2.C.2.247,Annotations ,User0317,,,,,
Table,2.C.2.273,Appeal Reason ,User0345,,,,,
Table,2.C.2.286,Application ,User0361,,,,,
Table,2.C.2.329,Application Change Type ,User0409,,,,,
Table,2.C.2.443,Application Error Code ,User0533,,,,,
Table,2.C.2.209,Appointment reason codes ,User0276,,,,,
Table,2.C.2.210,Appointment Type Codes ,User0277,,,,,
Table,2.C.2.511,Approving Regulatory Agency ,User0790,,,,,
Table,2.C.2.551,Arm Stick ,HL70927,,,,,
Table,2.C.2.300,Artificial Blood ,User0375,,,,,
Table,2.C.2.288,Assigning Authority ,User0363,,,,,
Table,2.C.2.85,Assignment of Benefits ,User0135,,,,,
Table,2.C.2.397,Authorization Mode ,HL70483,,,,,
Table,2.C.2.14,Bad Debt Agency Code ,User0021,,,,,
Table,2.C.2.236,Bed ,User0304,,,,,
Table,2.C.2.69,Bed Status ,User0116,,,,,
Table,2.C.2.463,Benefit Group ,User0556,,,,,
Table,2.C.2.225,Billing Category ,User0293,,,,,
Table,2.C.2.15,Billing Status ,User0022,,,,,
Table,2.C.2.343,Blood Product Code ,User0426,,,,,
Table,2.C.2.423,Blood Product Dispense Status ,HL70510,,,,,
Table,2.C.2.421,Blood Product Processing Requirements ,User0508,,,,,
Table,2.C.2.426,Blood Product Transfusion/Disposition Status ,HL70513,,,,,
Table,2.C.2.472,Blood Unit Type ,HL70566,,,,,
Table,2.C.2.458,Body Parts ,HL70550,,,,,
Table,2.C.2.108,Body Site ,HL70163,,,,,
Table,2.C.2.408,Body Site Modifier ,HL70495,,,,,
Table,2.C.2.541,Bolus Type ,HL70917,,,,,
Table,2.C.2.424,BP Observation Status Codes Interpretation ,HL70511,,,,,
Table,2.C.2.363,Breed Code ,User0447,,,,,
Table,2.C.2.239,Building ,User0307,,,,,
Table,2.C.2.438,Calendar Alignment ,HL70527,,,,,
Table,2.C.2.306,Cap Type ,User0381,,,,,
Table,2.C.2.303,Carrier Type ,User0378,,,,,
Table,2.C.2.340,Case Category Code ,User0423,,,,,
Table,2.C.2.331,Category Identifier ,User0412,,,,,
Table,2.C.2.187,Causality Observations ,HL70252,,,,,
Table,2.C.2.497,CCL Value ,HL70728,,,,,
Table,2.C.2.221,Census Tract ,User0288,,,,,
Table,2.C.2.446,Certificate Status ,User0536,,,,,
Table,2.C.2.274,Certification Agency ,User0346,,,,,
Table,2.C.2.546,Certification Category Code ,User0922,,,,,
Table,2.C.2.99,Certification Patient Type ,User0150,,,,,
Table,2.C.2.265,Certification Status ,HL70337,,,,,
Table,2.C.2.545,Certification Type Code ,User0921,,,,,
Table,2.C.2.203,Charge On Indicator ,User0269,,,,,
Table,2.C.2.74,Charge Type ,HL70122,,,,,
Table,2.C.2.390,Charge Type Reason ,User0475,,,,,
Table,2.C.2.19,Charge/Price Indicator ,User0032,,,,,
Table,2.C.2.33,Check Digit Scheme ,HL70061,,,,,
Table,2.C.2.116,Citizenship ,User0171,,,,,
Table,2.C.2.229,CN ID Source ,User0297,,,,,
Table,2.C.2.320,Coding System ,HL70396,,,,,
Table,2.C.2.561,Collection Event/Process Step Limit ,HL70938,,,,,
Table,2.C.2.312,Command Response ,User0387,,,,,
Table,2.C.2.289,Comment Type ,User0364,,,,,
Table,2.C.2.425,Commercial Product ,User0512,,,,,
Table,2.C.2.562,Communication Location ,HL70939,,,,,
Table,2.C.2.21,Company Plan Code ,User0042,,,,,
Table,2.C.2.251,Completion Status ,HL70322,,,,,
Table,2.C.2.435,Computation Type ,HL70523,,,,,
Table,2.C.2.22,Condition Code ,User0043,,,,,
Table,2.C.2.532,Confidentiality ,User0907,,,,,
Table,2.C.2.121,Confidentiality Code ,User0177,,,,,
Table,2.C.2.412,Consent Bypass Reason ,User0499,,,,,
Table,2.C.2.32,Consent Code ,User0059,,,,,
Table,2.C.2.413,Consent Disclosure Level ,HL70500,,,,,
Table,2.C.2.332,Consent Identifier ,User0413,,,,,
Table,2.C.2.410,Consent Mode ,HL70497,,,,,
Table,2.C.2.414,Consent Non-Disclosure Reason ,User0501,,,,,
Table,2.C.2.411,Consent Status ,HL70498,,,,,
Table,2.C.2.409,Consent Type ,User0496,,,,,
Table,2.C.2.158,Contact Reason ,User0222,,,,,
Table,2.C.2.83,Contact Role ,User0131,,,,,
Table,2.C.2.454,Container Condition ,User0544,,,,,
Table,2.C.2.295,Container Status ,HL70370,,,,,
Table,2.C.2.322,Continuation Style Code ,HL70398,,,,,
Table,2.C.2.23,Contract Code ,User0044,,,,,
Table,2.C.2.392,Controlled Substance Schedule* ,User0477,,,,,
Table,2.C.2.118,Coordination of Benefits ,User0173,,,,,
Table,2.C.2.449,Cost Center Code ,User0539,,,,,
Table,2.C.2.565,Country Code ,User0399,,,,,
Table,2.C.2.222,County/Parish ,User0289,,,,,
Table,2.C.2.24,Courtesy Code ,User0045,,,,,
Table,2.C.2.241,Coverage Type ,User0309,,,,,
Table,2.C.2.230,CP Range Type ,HL70298,,,,,
Table,2.C.2.25,Credit Rating ,User0046,,,,,
Table,2.C.2.548,Cumulative Dosage Limit UoM ,User0924,,,,,
Table,2.C.,CWE statuses 2.A.13.1,HL70353,,,,,
Table,2.C.2.493,Cycle Type ,User0702,,,,,
Table,2.C.2.418,Cyclic Entry/Exit Indicator ,HL70505,,,,,
Table,2.C.2.356,Data Types ,HL70440,,,,,
Table,2.C.2.487,Date Format ,User0653,,,,,
Table,2.C.2.98,Day Type ,User0149,,,,,
Table,2.C.2.201,Days of the Week ,HL70267,,,,,
Table,2.C.2.285,Degree/License/Certificate ,User0360,,,,,
Table,2.C.2.64,Delete Account Code ,User0111,,,,,
Table,2.C.2.375,Denial or Rejection Code ,User0460,,,,,
Table,2.C.2.128,Department ,User0184,,,,,
Table,2.C.2.26,Department Code ,User0049,,,,,
Table,2.C.2.248,Department Cost Center ,User0319,,,,,
Table,2.C.2.115,Derived Specimen ,HL70170,,,,,
Table,2.C.2.490,Device Data State ,User0667,,,,,
Table,2.C.2.492,Device Status ,User0682,,,,,
Table,2.C.2.488,Device Type ,User0657,,,,,
Table,2.C.2.163,Diagnosis Classification ,User0228,,,,,
Table,2.C.2.28,Diagnosis Code ,User0051,,,,,
Table,2.C.2.284,Diagnosis Priority ,User0359,,,,,
Table,2.C.2.30,Diagnosis Related Group ,User0055,,,,,
Table,2.C.2.29,Diagnosis Type ,User0052,,,,,
Table,2.C.2.44,Diagnostic Service Section ID ,HL70074,,,,,
Table,2.C.2.104,Diet Code Specification Type ,HL70159,,,,,
Table,2.C.2.67,Diet Type ,User0114,,,,,
Table,2.C.2.262,Disabled Person Code ,User0334,,,,,
Table,2.C.2.65,Discharge Disposition ,User0112,,,,,
Table,2.C.2.66,Discharged to Location ,User0113,,,,,
Table,2.C.2.250,Dispense Method ,HL70321,,,,,
Table,2.C.2.398,Dispense Type ,User0484,,,,,
Table,2.C.2.207,Document Availability Status ,HL70273,,,,,
Table,2.C.2.205,Document Completion Status ,HL70271,,,,,
Table,2.C.2.206,Document Confidentiality Status ,HL70272,,,,,
Table,2.C.2.208,Document Storage Status ,HL70275,,,,,
Table,2.C.2.204,Document Type ,User0270,,,,,
Table,2.C.2.555,Donation Duration Units ,User0932,,,,,
Table,2.C.2.498,DRG Diagnosis Determination Status ,HL70731,,,,,
Table,2.C.2.31,DRG Grouper Review Code ,User0056,,,,,
Table,2.C.2.502,DRG Grouping Status ,User0749,,,,,
Table,2.C.2.164,DRG Payor ,User0229,,,,,
Table,2.C.2.506,DRG Procedure Determination Status ,User0761,,,,,
Table,2.C.2.507,DRG Procedure Relevance ,User0763,,,,,
Table,2.C.2.501,DRG Status Financial Calculation ,User0742,,,,,
Table,2.C.2.500,DRG Status Patient ,User0739,,,,,
Table,2.C.2.504,DRG Status Respiration Minutes ,User0757,,,,,
Table,2.C.2.261,Driver's License Issuing Authority ,User0333,,,,,
Table,2.C.2.307,Drug Interference ,User0382,,,,,
Table,2.C.2.190,Duration Categories ,User0255,,,,,
Table,2.C.2.93,Eligibility Source ,User0144,,,,,
Table,2.C.2.256,Employee Classification ,User0328,,,,,
Table,2.C.2.88,Employer Information Data ,User0139,,,,,
Table,2.C.2.38,Employment Status ,User0066,,,,,
Table,2.C.2.231,Encoding ,HL70299,,,,,
Table,2.C.2.290,Equipment State ,HL70365,,,,,
Table,2.C.2.429,Error Severity ,HL70516,,,,,
Table,2.C.2.161,Escort Required ,HL70225,,,,,
Table,2.C.2.133,Ethnic Group ,User0189,,,,,
Table,2.C.2.175,Event Consequence ,HL70240,,,,,
Table,2.C.2.174,Event Expected ,HL70239,,,,,
Table,2.C.2.172,Event Qualification ,HL70237,,,,,
Table,2.C.2.34,Event Reason ,User0062,,,,,
Table,2.C.2.439,Event Related Period ,HL70528,,,,,
Table,2.C.2.171,Event Reported To ,HL70236,,,,,
Table,2.C.2.173,Event Seriousness ,HL70238,,,,,
Table,2.C.2.365,Event Type ,HL70450,,,,,
Table,2.C.2.3,Event Type ,HL70003,,,,,
Table,2.C.2.543,Exclusive Test ,HL70919,,,,,
Table,2.C.2.442,Expanded Yes/no Indicator ,HL70532,,,,,
Table,2.C.2.399,Extended Priority Codes ,User0485,,,,,
Table,2.C.2.287,Facility ,User0362,,,,,
Table,2.C.2.379,Facility ID ,User0464,,,,,
Table,2.C.2.259,Facility Type ,HL70331,,,,,
Table,2.C.2.17,Fee Schedule ,User0024,,,,,
Table,2.C.2.122,File Level Event Code ,HL70178,,,,,
Table,2.C.2.211,Filler status codes ,User0278,,,,,
Table,2.C.2.36,Financial Class ,User0064,,,,,
Table,2.C.2.240,Floor ,User0308,,,,,
Table,2.C.2.388,Formulary Status ,User0473,,,,,
Table,2.C.2.393,Formulary Status ,HL70478,,,,,
Table,2.C.2.184,Generic Product ,User0249,,,,,
Table,2.C.2.341,Gestation Category Code ,User0424,,,,,
Table,2.C.2.323,Government Reimbursement Program ,User0401,,,,,
Table,2.C.2.499,Grouper Status ,User0734,,,,,
Table,2.C.2.269,Guarantor Credit Rating Code ,User0341,,,,,
Table,2.C.2.39,Guarantor Type ,User0068,,,,,
Table,2.C.2.227,Handicap ,User0295,,,,,
Table,2.C.2.369,Health Care Provider Area of Specialization ,HL70454,,,,,
Table,2.C.2.368,Health Care Provider Classification ,HL70453,,,,,
Table,2.C.2.367,Health Care Provider Type Code ,HL70452,,,,,
Table,2.C.2.40,Hospital Service ,User0069,,,,,
Table,2.C.2.140,Identifier Type ,HL70203,,,,,
Table,2.C.2.178,Identity May Be Divulged ,HL70243,,,,,
Table,2.C.2.361,Identity Reliability Code ,User0445,,,,,
Table,2.C.2.357,Immunization Registry Status ,User0441,,,,,
Table,2.C.2.450,Inactive Reason Code ,User0540,,,,,
Table,2.C.2.345,Incident Type Code ,User0428,,,,,
Table,2.C.2.422,Indication for Use ,User0509,,,,,
Table,2.C.2.188,Indirect Exposure Mechanism ,HL70253,,,,,
Table,2.C.2.430,Inform Person Code ,User0517,,,,,
Table,2.C.2.441,Institution ,User0531,,,,,
Table,2.C.2.447,Institution ,User0537,,,,,
Table,2.C.2.448,Institution Relationship Type ,User0538,,,,,
Table,2.C.2.218,Insurance Company ID Codes ,User0285,,,,,
Table,2.C.2.42,Insurance Plan ID ,User0072,,,,,
Table,2.C.2.556,Intended Procedure Type ,HL70933,,,,,
Table,2.C.2.43,Interest Rate Code ,User0073,,,,,
Table,2.C.2.46,Interpretation Codes ,HL70078,,,,,
Table,2.C.2.378,Inventory Number ,User0463,,,,,
Table,2.C.2.59,Invocation event ,HL70100,,,,,
Table,2.C.2.460,Invoice Control Code ,User0553,,,,,
Table,2.C.2.477,Invoice Processing Results Status ,User0571,,,,,
Table,2.C.2.461,Invoice Reason Codes ,User0554,,,,,
Table,2.C.2.462,Invoice Type ,User0555,,,,,
Table,2.C.2.484,Item Importance Codes ,User0634,,,,,
Table,2.C.2.249,Item Natural Account Code ,User0320,,,,,
Table,2.C.2.509,Item Status ,User0776,,,,,
Table,2.C.2.483,Item Status Codes ,User0625,,,,,
Table,2.C.2.510,Item Type ,User0778,,,,,
Table,2.C.2.255,Job Code ,User0327,,,,,
Table,2.C.2.242,Job Status ,User0311,,,,,
Table,2.C.2.455,Jurisdictional Breadth ,User0547,,,,,
Table,2.C.2.189,Kind of Quantity ,HL70254,,,,,
Table,2.C.2.486,Labor Calculation Type ,User0651,,,,,
Table,2.C.2.325,Language Ability ,User0403,,,,,
Table,2.C.2.326,Language Proficiency ,User0404,,,,,
Table,2.C.2.198,Level of Care ,User0263,,,,,
Table,2.C.2.376,License Number ,User0461,,,,,
Table,2.C.2.563,Limitation Type Codes ,HL70940,,,,,
Table,2.C.2.157,Living Arrangement ,User0220,,,,,
Table,2.C.2.159,Living Dependency ,User0223,,,,,
Table,2.C.2.245,Living Will Code ,User0315,,,,,
Table,2.C.2.491,Load Status ,User0669,,,,,
Table,2.C.2.291,Local/Remote Control State ,HL70366,,,,,
Table,2.C.2.252,Location Characteristic ID ,User0324,,,,,
Table,2.C.2.377,Location Cost Center ,User0462,,,,,
Table,2.C.2.199,Location Department ,User0264,,,,,
Table,2.C.2.196,Location Equipment ,User0261,,,,,
Table,2.C.2.253,Location Relationship ID ,User0325,,,,,
Table,2.C.2.358,Location Service Code ,User0442,,,,,
Table,2.C.2.238,Location Status ,User0306,,,,,
Table,2.C.2.489,Lot Control ,User0659,,,,,
Table,2.C.2.87,Mail Claim Party ,User0137,,,,,
Table,2.C.2.514,Maintenance Cycle ,User0809,,,,,
Table,2.C.2.515,Maintenance Type ,User0811,,,,,
Table,2.C.2.71,Major Diagnostic Category ,User0118,,,,,
Table,2.C.2.310,Manufacturer Identifier ,User0385,,,,,
Table,2.C.2.162,Manufacturers of Vaccines (code=MVX) ,undf0227,,,,,
Table,2.C.2.2,Marital Status ,User0002,,,,,
Table,2.C.2.258,Marketing Basis ,HL70330,,,,,
Table,2.C.2.120,Master File Identifier Code ,HL70175,,,,,
Table,2.C.2.317,Match Algorithms ,User0393,,,,,
Table,2.C.2.316,Match Reason ,User0392,,,,,
Table,2.C.2.526,Medical Role Executing Physician ,User0882,,,,,
Table,2.C.2.391,Medically Necessary Duplicate Procedure Reason ,User0476,,,,,
Table,2.C.2.282,Message Error Condition Codes ,HL70357,,,,,
Table,2.C.2.279,Message Structure ,HL70354,,,,,
Table,2.C.2.45,Message Type ,HL70076,,,,,
Table,2.C.2.433,Message Waiting Priority ,HL70520,,,,,
Table,2.C.2.125,MFN Record-level Error Return ,User0181,,,,,
Table,2.C.2.271,Military Handicapped Program Code ,User0343,,,,,
Table,2.C.2.90,Military Rank/Grade ,User0141,,,,,
Table,2.C.2.270,Military Recipient ,User0342,,,,,
Table,2.C.2.89,Military Service ,User0140,,,,,
Table,2.C.2.91,Military Status ,User0142,,,,,
Table,2.C.2.517,MIME Types ,undf0834,,,,,
Table,2.C.2.194,Modality ,User0259,,,,,
Table,2.C.2.347,Mode of Arrival Code ,User0430,,,,,
Table,2.C.2.382,Modifier Edit Code ,User0467,,,,,
Table,2.C.2.319,Modify Indicator ,HL70395,,,,,
Table,2.C.2.537,Monetary Denomination Code ,undf0913,,,,,
Table,2.C.2.97,Money or Percentage Indicator ,HL70148,,,,,
Table,2.C.2.496,Mood Codes ,HL70725,,,,,
Table,2.C.2.360,Name Assembly Order ,HL70444,,,,,
Table,2.C.2.364,Name Context ,User0448,,,,,
Table,2.C.2.137,Name Type ,HL70200,,,,,
Table,2.C.2.380,Name/Address Representation ,HL70465,,,,,
Table,2.C.2.232,Namespace ID ,User0300,,,,,
Table,2.C.2.149,Nationality ,User0212,,,,,
Table,2.C.2.47,Nature of Abnormal Testing ,HL70080,,,,,
Table,2.C.2.192,Nature of Challenge ,HL70257,,,,,
Table,2.C.2.119,Nature of Service/Test/Observation ,User0174,,,,,
Table,2.C.2.457,NDC Codes ,HL70549,,,,,
Table,2.C.2.342,Newborn Code ,User0425,,,,,
Table,2.C.,no table,HL70000,,,,,
Table,2.C.,no table for CE,HL79999,,,,,
Table,2.C.2.168,Non-Concur Code/Description ,User0233,,,,,
Table,2.C.2.92,Non-covered Insurance Code ,User0143,,,,,
Table,2.C.2.415,Non-Subject Consenter Reason ,User0502,,,,,
Table,2.C.2.444,Notify Clergy Code ,User0534,,,,,
Table,2.C.2.420,Observation Result Handling ,User0507,,,,,
Table,2.C.2.50,Observation Result Status Codes Interpretation ,HL70085,,,,,
Table,2.C.2.560,Observation Sub-Type ,HL70937,,,,,
Table,2.C.2.559,Observation Type ,HL70936,,,,,
Table,2.C.2.276,Occurrence Code ,HL70350,,,,,
Table,2.C.2.277,Occurrence Span ,HL70351,,,,,
Table,2.C.2.373,OCE Edit Code ,User0458,,,,,
Table,2.C.2.132,Operator ID ,User0188,,,,,
Table,2.C.2.72,Order Control Codes ,HL70119,,,,,
Table,2.C.2.20,Order status ,HL70038,,,,,
Table,2.C.2.396,Order Type ,HL70482,,,,,
Table,2.C.2.557,Order Workflow Profile ,User0934,,,,,
Table,2.C.2.246,Organ Donor Code ,User0316,,,,,
Table,2.C.2.327,Organization Unit ,User0405,,,,,
Table,2.C.2.389,Organization Unit Type ,User0474,,,,,
Table,2.C.2.328,Organization Unit Type ,User0406,,,,,
Table,2.C.2.440,"Organization, Agency, Department ",User0530,,,,,
Table,2.C.2.141,Organizational Name Type ,User0204,,,,,
Table,2.C.2.302,Other Environmental Factors ,User0377,,,,,
Table,2.C.2.48,Outlier Type ,User0083,,,,,
Table,2.C.2.372,Overall Claim Disposition Code ,User0457,,,,,
Table,2.C.2.202,Override ,User0268,,,,,
Table,2.C.2.434,Override Code ,User0521,,,,,
Table,2.C.2.432,Override Reason ,User0519,,,,,
Table,2.C.2.431,Override Type ,User0518,,,,,
Table,2.C.2.516,Package ,User0818,,,,,
Table,2.C.2.533,Package Type ,User0908,,,,,
Table,2.C.2.384,Packaging Status Code ,User0469,,,,,
Table,2.C.2.536,Participation ,HL70912,,,,,
Table,2.C.2.155,Patient Charge Adjustment ,User0218,,,,,
Table,2.C.2.4,Patient Class ,User0004,,,,,
Table,2.C.2.351,Patient Condition Code ,User0434,,,,,
Table,2.C.2.195,Patient Location Type ,User0260,,,,,
Table,2.C.2.176,Patient Outcome ,HL70241,,,,,
Table,2.C.2.534,Patient Results Release Categorization Scheme ,HL70909,,,,,
Table,2.C.2.153,Patient Status Code ,User0216,,,,,
Table,2.C.2.12,Patient Type ,User0018,,,,,
Table,2.C.2.272,Patient's Relationship to Insured ,User0344,,,,,
Table,2.C.2.465,Payee Relationship to Invoice ,User0558,,,,,
Table,2.C.2.464,Payee Type ,User0557,,,,,
Table,2.C.2.383,Payment Adjustment Code ,User0468,,,,,
Table,2.C.2.476,Payment Method Code ,User0570,,,,,
Table,2.C.2.542,PCA Type ,HL70918,,,,,
Table,2.C.2.49,Performed by ,User0084,,,,,
Table,2.C.2.237,Person Location Type ,User0305,,,,,
Table,2.C.2.394,Pharmaceutical Substances ,User0479,,,,,
Table,2.C.2.395,Pharmacy Order Types ,HL70480,,,,,
Table,2.C.2.549,Phlebotomy Issue ,HL70925,,,,,
Table,2.C.2.550,Phlebotomy Status ,HL70926,,,,,
Table,2.C.2.10,Physician ID ,User0010,,,,,
Table,2.C.2.51,Plan ID ,User0086,,,,,
Table,2.C.2.234,Point of Care ,User0302,,,,,
Table,2.C.2.243,Policy Scope ,User0312,,,,,
Table,2.C.2.96,Policy Type ,User0147,,,,,
Table,2.C.2.130,Practitioner Category ,User0186,,,,,
Table,2.C.2.283,Practitioner Group ,User0358,,,,,
Table,2.C.2.266,Practitioner ID Number Type ,User0338,,,,,
Table,2.C.2.52,Pre-Admit Test Indicator ,User0087,,,,,
Table,2.C.2.350,Precaution Code ,User0433,,,,,
Table,2.C.2.129,Preferred Method of Contact ,HL70185,,,,,
Table,2.C.2.544,Preferred Specimen/Attribute Status ,HL70920,,,,,
Table,2.C.2.528,Present On Admission (POA) Indicator ,User0895,,,,,
Table,2.C.2.142,Price Type ,HL70205,,,,,
Table,2.C.2.280,Primary Key Value Type ,HL70355,,,,,
Table,2.C.2.228,Primary Language ,User0296,,,,,
Table,2.C.2.177,Primary Observer's Qualification ,HL70242,,,,,
Table,2.C.2.18,Priority ,HL70027,,,,,
Table,2.C.2.197,Privacy Level ,User0262,,,,,
Table,2.C.2.436,Privilege ,User0525,,,,,
Table,2.C.2.437,Privilege Class ,User0526,,,,,
Table,2.C.2.519,Problem Perspective ,User0838,,,,,
Table,2.C.2.518,Problem Severity ,User0836,,,,,
Table,2.C.2.220,Problem/Goal Action Code ,HL70287,,,,,
Table,2.C.2.564,Procedure Code ,User0941,,,,,
Table,2.C.2.53,Procedure Code ,User0088,,,,,
Table,2.C.2.268,Procedure Code Modifier ,undf0340,,,,,
Table,2.C.2.335,Procedure DRG Type ,User0416,,,,,
Table,2.C.2.165,Procedure Functional Type ,User0230,,,,,
Table,2.C.2.337,Procedure Priority ,User0418,,,,,
Table,2.C.2.539,Process Control Code ,User0915,,,,,
Table,2.C.2.547,Process Interruption ,User0923,,,,,
Table,2.C.2.558,Process Interruption Reason ,User0935,,,,,
Table,2.C.2.469,Processing Consideration Codes ,User0562,,,,,
Table,2.C.2.60,Processing ID ,HL70103,,,,,
Table,2.C.2.144,Processing Mode ,HL70207,,,,,
Table,2.C.2.113,Processing Priority ,HL70168,,,,,
Table,2.C.2.313,Processing Type ,HL70388,,,,,
Table,2.C.2.181,Product Available for Inspection ,User0246,,,,,
Table,2.C.2.180,Product Problem ,User0245,,,,,
Table,2.C.2.183,Product Source ,HL70248,,,,,
Table,2.C.2.523,Product/Service Code ,User0879,,,,,
Table,2.C.2.524,Product/Service Code Modifier ,User0880,,,,,
Table,2.C.2.466,Product/Service Status ,User0559,,,,,
Table,2.C.2.468,Product/Services Clarification Codes ,User0561,,,,,
Table,2.C.2.346,Production Class Code ,User0429,,,,,
Table,2.C.2.482,Protection Code ,User0618,,,,,
Table,2.C.2.471,Provider Adjustment Reason Code ,User0565,,,,,
Table,2.C.2.131,Provider Billing ,HL70187,,,,,
Table,2.C.2.219,Provider Role ,User0286,,,,,
Table,2.C.2.359,Provider Role ,User0443,,,,,
Table,2.C.2.152,Publicity Code ,User0215,,,,,
Table,2.C.2.150,Purge Status Code ,User0213,,,,,
Table,2.C.2.78,Quantity Limited Request ,HL70126,,,,,
Table,2.C.2.257,Quantity Method ,HL70329,,,,,
Table,2.C.2.467,Quantity Units ,User0560,,,,,
Table,2.C.2.386,Query Name ,User0471,,,,,
Table,2.C.2.54,Query Priority ,HL70091,,,,,
Table,2.C.2.145,Query Response Status ,HL70208,,,,,
Table,2.C.2.5,Race ,User0005,,,,,
Table,2.C.2.55,Re-Admission Indicator ,User0092,,,,,
Table,2.C.2.124,Record-level Event Code ,HL70180,,,,,
Table,2.C.2.348,Recreational Drug Use Code ,User0431,,,,,
Table,2.C.2.156,Recurring Service Code ,User0219,,,,,
Table,2.C.2.217,Referral Category ,User0284,,,,,
Table,2.C.2.215,Referral Disposition ,User0282,,,,,
Table,2.C.2.520,Referral Documentation Completion Status ,User0865,,,,,
Table,2.C.2.213,Referral Priority ,User0280,,,,,
Table,2.C.2.264,Referral Reason ,User0336,,,,,
Table,2.C.2.216,Referral Status ,User0283,,,,,
Table,2.C.2.214,Referral Type ,User0281,,,,,
Table,2.C.2.374,Reimbursement Action Code ,User0459,,,,,
Table,2.C.2.185,Relatedness Assessment ,HL70250,,,,,
Table,2.C.2.147,Relational Conjunction ,HL70210,,,,,
Table,2.C.2.146,Relational Operator ,HL70209,,,,,
Table,2.C.2.35,Relationship ,User0063,,,,,
Table,2.C.2.193,Relationship Modifier ,HL70258,,,,,
Table,2.C.2.56,Release Information ,User0093,,,,,
Table,2.C.2.540,Relevant Clincial Information ,User0916,,,,,
Table,2.C.2.6,Religion ,User0006,,,,,
Table,2.C.2.293,Remote Control Command ,User0368,,,,,
Table,2.C.2.485,Reorder Theory Codes ,User0642,,,,,
Table,2.C.2.263,Repeat Pattern ,User0335,,,,,
Table,2.C.2.170,Report Source ,HL70235,,,,,
Table,2.C.2.169,Report Timing ,HL70234,,,,,
Table,2.C.2.114,Reporting Priority ,HL70169,,,,,
Table,2.C.2.508,Resource Type or Category ,User0771,,,,,
Table,2.C.2.73,Response Flag ,HL70121,,,,,
Table,2.C.2.123,Response Level ,HL70179,,,,,
Table,2.C.2.318,Response Modality ,HL70394,,,,,
Table,2.C.2.75,Result Status ,HL70123,,,,,
Table,2.C.2.371,Revenue code ,User0456,,,,,
Table,2.C.2.402,Risk Codes ,User0489,,,,,
Table,2.C.2.344,Risk Management Incident Code ,User0427,,,,,
Table,2.C.2.525,Role Executing Physician ,User0881,,,,,
Table,2.C.2.235,Room ,User0303,,,,,
Table,2.C.2.94,Room Type ,User0145,,,,,
Table,2.C.2.538,Root Cause ,User0914,,,,,
Table,2.C.2.107,Route of Administration ,User0162,,,,,
Table,2.C.2.512,Ruling Act ,User0793,,,,,
Table,2.C.2.111,RX Component Type ,HL70166,,,,,
Table,2.C.2.324,School Type ,User0402,,,,,
Table,2.C.2.101,Second Opinion Documentation Received ,User0152,,,,,
Table,2.C.2.100,Second Opinion Status ,User0151,,,,,
Table,2.C.2.529,Security Check Scheme ,HL70904,,,,,
Table,2.C.2.143,Segment Action Code ,HL70206,,,,,
Table,2.C.2.315,Segment Group ,HL70391,,,,,
Table,2.C.2.353,Sensitivity to Causative Agent Code ,User0436,,,,,
Table,2.C.2.305,Separator Type ,User0380,,,,,
Table,2.C.2.417,Sequence Condition Code ,HL70504,,,,,
Table,2.C.2.416,Sequence/Results Flag ,HL70503,,,,,
Table,2.C.2.321,Sequencing ,HL70397,,,,,
Table,2.C.2.419,Service Request Relationship ,HL70506,,,,,
Table,2.C.2.68,Servicing Facilities ,User0115,,,,,
Table,2.C.2.338,Severity of Illness Code ,User0421,,,,,
Table,2.C.2.530,Shipment Status ,User0905,,,,,
Table,2.C.2.527,Side of body ,User0894,,,,,
Table,2.C.2.456,Signatory's Relationship to Subject ,User0548,,,,,
Table,2.C.2.445,Signature Code ,User0535,,,,,
Table,2.C.2.179,Single Use Device ,User0244,,,,,
Table,2.C.2.62,Source of Comment ,HL70105,,,,,
Table,2.C.2.260,Source Type ,HL70332,,,,,
Table,2.C.2.301,Special Handling Code ,User0376,,,,,
Table,2.C.2.151,Special Program Code ,User0214,,,,,
Table,2.C.2.200,Specialty Type ,User0265,,,,,
Table,2.C.2.362,Species Code ,User0446,,,,,
Table,2.C.2.37,Specimen Action Code ,HL70065,,,,,
Table,2.C.2.405,Specimen Appropriateness ,User0492,,,,,
Table,2.C.2.407,Specimen Child Role ,HL70494,,,,,
Table,2.C.2.401,Specimen Collection Method ,HL70488,,,,,
Table,2.C.2.453,Specimen Collection Site ,User0543,,,,,
Table,2.C.2.297,Specimen Component ,User0372,,,,,
Table,2.C.2.406,Specimen Condition ,User0493,,,,,
Table,2.C.2.404,Specimen Quality ,User0491,,,,,
Table,2.C.2.403,Specimen Reject Reason ,HL70490,,,,,
Table,2.C.2.294,Specimen Role ,User0369,,,,,
Table,2.C.2.452,Specimen Source Type Modifier ,User0542,,,,,
Table,2.C.2.400,Specimen Type ,HL70487,,,,,
Table,2.C.2.451,Specimen Type Modifier ,User0541,,,,,
Table,2.C.2.126,Staff type ,User0182,,,,,
Table,2.C.2.275,State/Province ,User0347,,,,,
Table,2.C.2.505,Status Admission ,User0759,,,,,
Table,2.C.2.182,Status of Evaluation ,HL70247,,,,,
Table,2.C.2.503,Status Weight At Birth ,User0755,,,,,
Table,2.C.2.513,Sterilization Type ,User0806,,,,,
Table,2.C.2.166,Student Status ,User0231,,,,,
Table,2.C.2.366,Substance Identifier ,User0451,,,,,
Table,2.C.2.308,Substance Status ,HL70383,,,,,
Table,2.C.2.309,Substance Type ,HL70384,,,,,
Table,2.C.2.112,Substitution Status ,HL70167,,,,,
Table,2.C.2.223,Subtype of Referenced Data ,undf0291,,,,,
Table,2.C.2.330,Supplemental Service Information Values ,User0411,,,,,
Table,2.C.2.311,Supplier Identifier ,User0386,,,,,
Table,2.C.2.522,Supply Risk Codes ,User0871,,,,,
Table,2.C.2.299,System Induced Contaminants ,User0374,,,,,
Table,2.C.2.478,Tax status ,User0572,,,,,
Table,2.C.2.139,Telecommunication Equipment Type ,HL70202,,,,,
Table,2.C.2.521,Telecommunication Expiration Reason ,User0868,,,,,
Table,2.C.2.138,Telecommunication Use Code ,HL70201,,,,,
Table,2.C.2.554,Temperature Units ,HL70931,,,,,
Table,2.C.2.191,Time Delay Post Challenge ,HL70256,,,,,
Table,2.C.2.226,Time Selection Criteria Parameter Class Codes ,User0294,,,,,
Table,2.C.2.336,Tissue Type Code ,User0417,,,,,
Table,2.C.2.387,TQ Conjunction ID ,HL70472,,,,,
Table,2.C.2.84,Transaction Code ,User0132,,,,,
Table,2.C.2.11,Transaction Type ,User0017,,,,,
Table,2.C.2.63,Transfer to Bad Debt Code ,User0110,,,,,
Table,2.C.2.334,Transfer Type ,HL70415,,,,,
Table,2.C.2.427,Transfusion Adverse Reaction ,User0514,,,,,
Table,2.C.2.428,Transfusion Interrupted Reason ,User0515,,,,,
Table,2.C.2.160,Transport Arranged ,HL70224,,,,,
Table,2.C.2.76,Transportation Mode ,HL70124,,,,,
Table,2.C.2.304,Tray Type ,User0379,,,,,
Table,2.C.2.105,Tray Type ,HL70160,,,,,
Table,2.C.2.298,Treatment ,User0373,,,,,
Table,2.C.2.339,Triage Code ,User0422,,,,,
Table,2.C.2.57,Type of Agreement ,User0098,,,,,
Table,2.C.2.370,Type of Bill Code ,User0455,,,,,
Table,2.C.2.135,Type of Referenced Data ,HL70191,,,,,
Table,2.C.2.333,Units of Time ,User0414,,,,,
Table,2.C.2.233,Universal ID Type ,HL70301,,,,,
Table,2.C.2.479,User Authentication Credential Type Code ,HL70615,,,,,
Table,2.C.2.224,"Vaccines Administered (code = CVX) (parenteral, unless oral is noted) ",undf0292,,,,,
Table,2.C.2.102,Value Code ,undf0153,,,,,
Table,2.C.2.77,Value Type ,HL70125,,,,,
Table,2.C.2.61,Version ID ,HL70104,,,,,
Table,2.C.2.117,Veterans Military Status ,User0172,,,,,
Table,2.C.2.58,VIP Indicator ,User0099,,,,,
Table,2.C.2.254,Visit Indicator ,User0326,,,,,
Table,2.C.2.154,Visit Priority Code ,User0217,,,,,
Table,2.C.2.82,Visit User Code ,User0130,,,,,
Table,2.C.2.553,Volume Units ,HL70930,,,,,
Table,2.C.2.474,Volume Units ,HL70568,,,,,
Table,2.C.2.552,Weight Units ,HL70929,,,,,
Table,2.C.2.473,Weight Units ,HL70567,,,,,
Table,2.C.2.86,Yes/no Indicator ,HL70136,,,,,
Chapter,Chapter  1, Introduction,1,,,,,
Chapter,Chapter  2, Control,2,,,,,
Chapter,Chapter 2A, Control|Data Types,2A,,,,,
Chapter,Chapter 2B, Control|Conformance,2B,,,,,
Chapter,Chapter 2C, Control|Code Tables,2C,,,,,
Chapter,Chapter  3, Patient Administration,3,,,,,
Chapter,Chapter  4, Order Entry,4,,,,,
Chapter,Chapter  4A," Order Entry:  Pharmacy/Treatment, Vaccination",4A,,,,,
Chapter,Chapter  5, Query,5,,,,,
Chapter,Chapter  6, Financial Management,6,,,,,
Chapter,Chapter  7, Observation Reporting,7,,,,,
Chapter,Chapter  8, Master Files,8,,,,,
Chapter,Chapter  9, Medical Records/Information Management,9,,,,,
Chapter,Chapter 10, Scheduling,10,,,,,
Chapter,Chapter 11, Patient Referral,11,,,,,
Chapter,Chapter 12, Patient Care,12,,,,,
Chapter,Chapter 13, Clinical Laboratory Automation,13,,,,,
Chapter,Chapter 14, Application Management,14,,,,,
Chapter,Chapter 15, Personnel Management,15,,,,,
Chapter,Chapter 16, eClaims,16,,,,,
Chapter,Chapter 17, Materials Management,17,,,,,
Chapter,Appendix A, Data Definition Tables,A,,,,,
Chapter,Appendix B, Lower Layer Protocols,B,,,,,
Chapter,Appendix C, BNF Message Descriptions,C,,,,,
Chapter,Appendix D, Glossary,D,,,,,
Chapter,Appendix E, Index,E,,,,,
Chapter,HL7 Version 2," XML Encoding Syntax, Release 2",XML,,,,,
Structure,ADT/ACK,Cancel discharge/end visit,ADT_A01,,,,,
Structure,ADT/ACK,Admit/Visit Notification,ADT_A01,,,,,
Structure,ADT/ACK,Transfer a Patient,ADT_A02,,,,,
Structure,ADT/ACK,Discharge/End Visit,ADT_A03,,,,,
Structure,ADT/ACK,Register a Patient,ADT_A04,,,,,
Structure,ADT/ACK,Pre-Admit a Patient,ADT_A05,,,,,
Structure,ADT/ACK,Change an Outpatient to an Inpatient,ADT_A06,,,,,
Structure,ADT/ACK,Change an Inpatient to an Outpatient,ADT_A07,,,,,
Structure,ADT/ACK,Update Patient Information,ADT_A08,,,,,
Structure,ADT/ACK,Patient Departing - Tracking,ADT_A09,,,,,
Structure,ADT/ACK,Patient Arriving - Tracking,ADT_A10,,,,,
Structure,ADT/ACK,Cancel Admit / Visit Notification,ADT_A11,,,,,
Structure,ADT/ACK,Cancel Transfer,ADT_A12,,,,,
Structure,ADT/ACK,Cancel Discharge / End Visit,ADT_A13,,,,,
Structure,ADT/ACK,Pending Admit,ADT_A14,,,,,
Structure,ADT/ACK,Pending Transfer,ADT_A15,,,,,
Structure,ADT/ACK,Pending Discharge,ADT_A16,,,,,
Structure,ADT/ACK,Swap Patients,ADT_A17,,,,,
Structure,ADT/ACK,Merge Patient Information,ADT_A18,,,,,
Structure,ADT/ACK,Patient Query,ADT_A19,,,,,
Structure,ADT/ACK,Bed Status Update,ADT_A20,,,,,
Structure,ADT/ACK,Patient Goes on a Leave of Absence,ADT_A21,,,,,
Structure,ADT/ACK,Patient Returns From a Leave of Absence,ADT_A22,,,,,
Structure,ADT/ACK,Delete a Patient Record,ADT_A23,,,,,
Structure,ADT/ACK,Link Patient Information,ADT_A24,,,,,
Structure,ADT/ACK,Cancel Pending Discharge,ADT_A25,,,,,
Structure,ADT/ACK,Cancel Pending Transfer,ADT_A26,,,,,
Structure,ADT/ACK,Cancel Pending Admit,ADT_A27,,,,,
Structure,ADT/ACK,Add Person or Patient Information,ADT_A28,,,,,
Structure,ADT/ACK,Delete Person Information,ADT_A29,,,,,
Structure,ADT/ACK,Merge Person Information,ADT_A30,,,,,
Structure,ADT/ACK,Update Person Information,ADT_A31,,,,,
Structure,ADT/ACK,Cancel Patient Arriving - Tracking,ADT_A32,,,,,
Structure,ADT/ACK,Cancel Patient Departing - Tracking,ADT_A33,,,,,
Structure,ADT/ACK,Merge Patient Information - Patient ID Only,ADT_A34,,,,,
Structure,ADT/ACK,Merge Patient Information - Account Number Only,ADT_A35,,,,,
Structure,ADT/ACK,Merge Patient Information - Patient ID & Account Number,ADT_A36,,,,,
Structure,ADT/ACK,Unlink Patient Information,ADT_A37,,,,,
Structure,ADT/ACK,Cancel Pre- Admit,ADT_A38,,,,,
Structure,ADT/ACK,Merge Person - Patient ID,ADT_A39,,,,,
Structure,ADT/ACK,Merge Patient - Patient Identifier List,ADT_A40,,,,,
Structure,ADT/ACK,Merge Account - Patient Account Number,ADT_A41,,,,,
Structure,ADT/ACK,Merge Visit - Visit Number,ADT_A42,,,,,
Structure,ADT/ACK,Move Patient Information - Patient Identifier List,ADT_A43,,,,,
Structure,ADT/ACK,Move Account Information - Patient Account Number,ADT_A44,,,,,
Structure,ADT/ACK,Move Visit Information - Visit Number,ADT_A45,,,,,
Structure,ADT/ACK,Change Patient ID,ADT_A46,,,,,
Structure,ADT/ACK,Change Patient Identifier List,ADT_A47,,,,,
Structure,ADT/ACK,Change Alternate Patient ID,ADT_A48,,,,,
Structure,ADT/ACK,Change Patient Account Number,ADT_A49,,,,,
Structure,ADT/ACK,Change Visit Number,ADT_A50,,,,,
Structure,ADT/ACK,Change Alternate Visit ID,ADT_A51,,,,,
Structure,ADT/ACK,Cancel Leave of Absence for a Patient,ADT_A52,,,,,
Structure,ADT/ACK,Cancel Patient Returns from a Leave of Absence,ADT_A53,,,,,
Structure,ADT/ACK,Change Attending Doctor,ADT_A54,,,,,
Structure,ADT/ACK,Cancel Change Attending Doctor,ADT_A55,,,,,
Structure,ADT/ACK,Update Adverse Reaction Information,ADT_A60,,,,,
Structure,ADT/ACK,Change Consulting Doctor,ADT_A61,,,,,
Structure,ADT/ACK,Cancel Change Consulting Doctor,ADT_A62,,,,,
Structure,BAR/ACK,Add patient accounts,BAR_P01,,,,,
Structure,BAR/ACK,Purge patient accounts,BAR_P02,,,,,
Structure,BAR/ACK,Update account,BAR_P05,,,,,
Structure,BAR/ACK,End account,BAR_P06,,,,,
Structure,BAR/ACK,Transmit Ambulatory Payment Classification(APC),BAR_P10,,,,,
Structure,BAR/ACK,Update Diagnosis/Procedure,BAR_P12,,,,,
Structure,BPS,Blood product dispense status,BPS_O29,,,,,
Structure,BRP,Blood product dispense status acknowledgment,BRP_O30,,,,,
Structure,BRT,Blood product transfusion/disposition acknowledgment,BRT_O32,,,,,
Structure,BTS,Blood product transfusion/disposition,BTS_O31,,,,,
Structure,CCF,Collaborative Care Fetch / Collaborative Care Information,CCF_I22,,,,,
Structure,CCM,Collaborative Care Message,CCM_I21,,,,,
Structure,CCQ,Collaborative Care Query/Collaborative Care Query Update,CCQ_I19,,,,,
Structure,CCR,Modify Collaborative Care Referral,CCR_I16,,,,,
Structure,CCU,Asynchronous Collaborative Care Update,CCU_I20,,,,,
Structure,CRM,Register a patient on a clinical trial,CRM_C01,,,,,
Structure,CSU,"Automated time intervals for reporting, like monthly",CSU_C09,,,,,
Structure,DEL,Donor Eligiblity Message,DEL_O46,,,,,
Structure,DEO,Donor Eligibility Observations Message,DEO_O45,,,,,
Structure,DER,Donor Registration Minimal Message,DER_O44,,,,,
Structure,DFT/ACK,Post detail financial transaction,DFT_P03,,,,,
Structure,DFT/ACK,Post Detail Financial Transactions New,DFT_P11,,,,,
Structure,DPR,Donation Procedure Message,DPR_O48,,,,,
Structure,CRC,Donor Request to Collect Message,DRC_O47,,,,,
Structure,EAC/ACK,Automated equipment command,EAC_U07,,,,,
Structure,EAN/ACK,Automated equipment notification,EAN_U09,,,,,
Structure,EAR/ACK,Automated equipment response,EAR_U08,,,,,
Structure,EHC,Submit HealthCare Services Invoice,EHC_E01,,,,,
Structure,EHC,Cancel HealthCare Services Invoice,EHC_E02,,,,,
Structure,EHC,Re-Assess HealthCare Services Invoice Request,EHC_E04,,,,,
Structure,EHC,Edit/Adjudication Results,EHC_E10,,,,,
Structure,EHC,Request Additional Information,EHC_E12,,,,,
Structure,EHC,Additional Information Response,EHC_E13,,,,,
Structure,EHC,Payment/Remittance Advice,EHC_E15,,,,,
Structure,EHC,Submit Authorization Request,EHC_E20,,,,,
Structure,EHC,Cancel Authorization Request,EHC_E21,,,,,
Structure,EHC,Authorization Response,EHC_E24,,,,,
Structure,ESR/ACK,Automated equipment status request,ESR_U02,,,,,
Structure,ESU/ACK,Automated equipment status update,ESU_U01,,,,,
Structure,INR/ACK,Automated equipment inventory request,INR_U06,,,,,
Structure,INU/ACK,Automated equipment inventory update,INU_U05,,,,,
Structure,LSU/ACK,Automated equipment log/service update,LSU_U12,,,,,
Structure,MDM/ACK,Original document notification,MDM_T01,,,,,
Structure,MDM/ACK,Document status change notification and content,MDM_T02,,,,,
Structure,MFN/MFK,Test /observation batteries master file,MFK_M01,,,,,
Structure,MFN/MFK,Master file staff practitioner,MFN_M02,,,,,
Structure,MFN/MFK,Master files charge description,MFN_M04,,,,,
Structure,MFN/MFK,Patient location master file,MFN_M05,,,,,
Structure,MFN/MFK,Clinical study with phases and schedules master file,MFN_M06,,,,,
Structure,MFN/MFK,Clinical study without phases but with schedules master file,MFN_M07,,,,,
Structure,MFN/MFK,Test/observation (numeric) master file,MFN_M08,,,,,
Structure,MFN/MFK,Test/observation (categorical) master file,MFN_M09,,,,,
Structure,MFN/MFK,Test/calculated observations master file,MFN_M11,,,,,
Structure,MFN/MFK,Master file notification message,MFN_M12,,,,,
Structure,MFN/MFK,Master file notification general,MFN_M13,,,,,
Structure,MFN/MFK,Inventory item master file notification,MFN_M15,,,,,
Structure,MFN/MFK,Master File Notification Inventory Item Enhanced,MFN_M16,,,,,
Structure,MFN/MFK,DRG Master File Message,MFN_M17,,,,,
Structure,MFN/MFK,Master file notification site defined,MFN_Znn,,,,,
Structure,NMD/ACK,Application management data message (unsolicited),NMD_N02,,,,,
Structure,OMB,Blood product order,OMB_O27,,,,,
Structure,OMD,Diet order,OMD_O03,,,,,
Structure,OMG,General clinical order,OMG_O19,,,,,
Structure,OMI,Imaging order,OMI_O23,,,,,
Structure,OML,Laboratory order,OML_O21,,,,,
Structure,OML,Laboratory order for multiple orders related to a single specimen,OML_O33,,,,,
Structure,OML,Laboratory order for multiple orders related to a single container of a sp,OML_O35,,,,,
Structure,OML,Specimen shipment centric laboratory order,OML_O39,,,,,
Structure,OMN,Non-stock requisition order,OMN_O07,,,,,
Structure,OMP,Pharmacy/treatment order,OMP_O09,,,,,
Structure,DBU,Update Donor Record Message,OMQ_O42,,,,,
Structure,OMS,Stock requisition order,OMS_O05,,,,,
Structure,OPL,Population/Location-Based Laboratory Order Message,OPL_O37,,,,,
Structure,OPR,Population/Location-Based Laboratory Order Acknowledgment Message,OPR_O38,,,,,
Structure,OPU,Unsolicited Population/Location-Based Laboratory Observation Message,OPU_R25,,,,,
Structure,ORA,Observation Report Acknowledgement,ORA_R33,,,,,
Structure,ORA,Observation Report Alert Acknowledgement,ORA_R41,,,,,
Structure,ORB,Blood product order acknowledgment,ORB_O28,,,,,
Structure,ORD,Diet order acknowledgment,ORD_O04,,,,,
Structure,ORG/ORL,General clinical order response,ORG_O20,,,,,
Structure,ORI,Imaging order response message to any OMI,ORI_O24,,,,,
Structure,ORL,General laboratory order response message to any OML,ORL_O22,,,,,
Structure,ORL,Laboratory order response message to a multiple order related to single sp,ORL_O34,,,,,
Structure,ORL,Laboratory order response message to a single container of a specimen OML,ORL_O36,,,,,
Structure,ORL,Specimen Shipment Centric Laboratory Order Acknowledgment Message,ORL_O40,,,,,
Structure,ORM,General Order Message,ORM_O01,,,,,
Structure,ORN,Non-stock requisition acknowledgment,ORN_O08,,,,,
Structure,ORP,Pharmacy/treatment order acknowledgment,ORP_O10,,,,,
Structure,ORS,Stock requisition acknowledgment,ORS_O06,,,,,
Structure,ORU,Unsolicited Report Alarm,ORU_R01,,,,,
Structure,ORU,Unsolicited Pre-Ordered Point-Of-Care Observation,ORU_R30,,,,,
Structure,ORX,General Order Message with Document Payload Acknowledgement Message,ORX_O43,,,,,
Structure,OSM,Unsolicited Specimen Shipment Manifest Message,OSM_R26,,,,,
Structure,DBC,Create Donor Record Message,OSU_O41,,,,,
Structure,OUL,Unsolicited Specimen Oriented Observation Message,OUL_R22,,,,,
Structure,OUL,Unsolicited Specimen Container Oriented Observation Message,OUL_R23,,,,,
Structure,OUL,Unsolicited Order Oriented Observation Message,OUL_R24,,,,,
Structure,PEX,Unsolicited update individual product experience report,PEX_P07,,,,,
Structure,PGL,PC/ goal update,PGL_PC6,,,,,
Structure,PMU/ACK,Update personnel record,PMU_B01,,,,,
Structure,PMU/ACK,Delete personnel re cord,PMU_B03,,,,,
Structure,PMU/ACK,Terminate practicing person,PMU_B04,,,,,
Structure,PMU/ACK,Grant Certificate/Permission,PMU_B07,,,,,
Structure,PMU/ACK,Revoke Certificate/Permission,PMU_B08,,,,,
Structure,PPG,PC/ pathway (goal-oriented) delete,PPG_PCG,,,,,
Structure,PPP,PC/ pathway (problem-oriented) delete,PPP_PCB,,,,,
Structure,PPR,PC/ problem add,PPR_PC1,,,,,
Structure,QBP,HealthCare Services Invoice Status,QBP_E03,,,,,
Structure,QBP,Authorization Request Status,QBP_E22,,,,,
Structure,QBP,Get Donor Record Candidates,QBP_O33,,,,,
Structure,QBP,Get Donor Record,QBP_O34,,,,,
Structure,QBP,Query by parameter requesting an RSP segment pattern response,QBP_Q11,,,,,
Structure,QBP,Query by parameter requesting an RTB ,QBP_Q13,,,,,
Structure,QBP,Query by parameter requesting an RDY display response,QBP_Q15,,,,,
Structure,QBP,Get person demographics,QBP_Q21,,,,,
Structure,QBP,,QBP_Z73,,,,,
Structure,QSX/ACK,QSX/ACK,QCN_J01,,,,,
Structure,QSB,QSB,QSB_Q16,,,,,
Structure,QVR,QVR,QVR_Q17,,,,,
Structure,RAS,RAS,RAS_O17,,,,,
Structure,RDE,RDE,RDE_O11,,,,,
Structure,RDR,,RDR_RDR,,,,,
Structure,RDS,RDS,RDS_O13,,,,,
Structure,RDY,,RDY_K15,,,,,
Structure,RDY,,RDY_Z80,,,,,
Structure,REF/RRI,REF/RRI,REF_I12,,,,,
Structure,RGV,RGV,RGV_O15,,,,,
Structure,RQA/RPA,RQA/RPA,RQA_I08,,,,,
Structure,RQI/RPI,RQI/RPI,RQI_I01,,,,,
Structure,RQD/RPI,RQD/RPI,RQP_I04,,,,,
Structure,RRA,RRA,RRA_O18,,,,,
Structure,RRD,RRD,RRD_O14,,,,,
Structure,RRE,RRE,RRE_O12,,,,,
Structure,RRG,RRG,RRG_O16,,,,,
Structure,RSP,RSP,RSP_K11,,,,,
Structure,RSP,RSP,RSP_K21,,,,,
Structure,RSP,RSP,RSP_K22,,,,,
Structure,RSP,RSP,RSP_K23,,,,,
Structure,RSP,RSP,RSP_K25,,,,,
Structure,RSP,RSP,RSP_K31,,,,,
Structure,RSP,Find Candidates including Visit Information Response,RSP_K32,,,,,
Structure,RSP,Get Donor Record Candidates Response Message,RSP_O33,,,,,
Structure,RSP,Segment Pattern Response Message,RSP_O34,,,,,
Structure,RSP,,RSP_Z82,,,,,
Structure,RSP,,RSP_Z84,,,,,
Structure,RSP,,RSP_Z86,,,,,
Structure,RSP,,RSP_Z88,,,,,
Structure,RSP,,RSP_Z90,,,,,
Structure,RTB,RTB,RTB_K13,,,,,
Structure,RTB,,RTB_Z74,,,,,
Structure,SDN/ACK,SDN/ACK,SDR_S31,,,,,
Structure,SCN/ACK,SCN/ACK,SDR_S32,,,,,
Structure,SIU/ACK,SIU/ACK,SIU_S12,,,,,
Structure,SLN/ACK,SLN/ACK,SLR_S28,,,,,
Structure,SRM/SRR,SRM/SRR,SRM_S01,,,,,
Structure,SSR/ACK,SSR/ACK,SSR_U04,,,,,
Structure,SSU/ACK,SSU/ACK,SSU_U03,,,,,
Structure,STC/ACK,STC/ACK,STC_S33,,,,,
Structure,TCR/ACK,TCR/ACK,TCU_U10,,,,,
Structure,UDM/ACK,UDM/ACK,UDM_Q05,,,,,
Structure,VXU,Vaccine Record Update,VXU_V04,,,,,
Segment,6,Abstract,ABS,,,,,
Segment,6,Accident,ACC,,,,,
Segment,2,Addendum,ADD,,,,,
Segment,16,Adjustment,ADJ,,,,,
Segment,15,Professional Affiliation,AFF,,,,,
Segment,10,Appointment Information - General Resource,AIG,,,,,
Segment,10,Appointment Information - Location Resource,AIL,,,,,
Segment,10,Appointment Information - Personnel Resource,AIP,,,,,
Segment,10,Appointment Information,AIS,,,,,
Segment,3,Patient Allergy Information,AL1,,,,,
Segment,10,Appointment Preferences,APR,,,,,
Segment,10,Appointment Request,ARQ,,,,,
Segment,3,Access Restriction,ARV,,,,,
Segment,11,Authorization Information,AUT,,,,,
Segment,2,Batch Header,BHS,,,,,
Segment,6,Blood Code,BLC,,,,,
Segment,4,Billing,BLG,,,,,
Segment,4,Blood product order,BPO,,,,,
Segment,4,Blood product dispense status,BPX,,,,,
Segment,2,Batch Trailer,BTS,,,,,
Segment,4,Blood Product Transfusion/Disposition,BTX,,,,,
Segment,4,Blood Unit Information,BUI,,,,,
Segment,8,Charge Description Master,CDM,,,,,
Segment,4A,Cumulative Dosage,CDO,,,,,
Segment,15,Certificate Detail,CER,,,,,
Segment,8,Clinical Study Master,CM0,,,,,
Segment,8,Clinical Study Phase Master,CM1,,,,,
Segment,8,Clinical Study Schedule Master,CM2,,,,,
Segment,13,Clear Notification,CNS,,,,,
Segment,9,Consent Segment,CON,,,,,
Segment,7,Clinical Study Phase,CSP,,,,,
Segment,7,Clinical Study Registration,CSR,,,,,
Segment,7,Clinical Study Data Schedule Segment,CSS,,,,,
Segment,11,Contact Data,CTD,,,,,
Segment,7,Clinical Trial Identification,CTI,,,,,
Segment,3,Disability,DB1,,,,,
Segment,6,Diagnosis,DG1,,,,,
Segment,8,DRG Master File Information,DMI,,,,,
Segment,4,Donation,DON,,,,,
Segment,8,Diagnosis and Procedure Code,DPS,,,,,
Segment,6,Diagnosis Related Group,DRG,,,,,
Segment,2,Continuation Pointer,DSC,,,,,
Segment,5,Display Data,DSP,,,,,
Segment,13,Equipment Command,ECD,,,,,
Segment,13,Equipment Command Response,ECR,,,,,
Segment,15,Educational Detail,EDU,,,,,
Segment,13,Equipment/log Service,EQP,,,,,
Segment,13,Equipment Detail,EQU,,,,,
Segment,2,Error,ERR,,,,,
Segment,3,Event Type,EVN,,,,,
Segment,7,Facility,FAC,,,,,
Segment,2,File Header,FHS,,,,,
Segment,6,Financial Transaction,FT1,,,,,
Segment,2,File Trailer,FTS,,,,,
Segment,12,Goal Detail,GOL,,,,,
Segment,6,Grouping/Reimbursement - Visit,GP1,,,,,
Segment,6,Grouping/Reimbursement - Procedure Line Item,GP2,,,,,
Segment,6,Guarantor,GT1,,,,,
Segment,3,Patient Adverse Reaction Information,IAM,,,,,
Segment,3,allergy reaction,IAR,,,,,
Segment,17,Inventory Item Master,IIM,,,,,
Segment,17,Material Lot,ILT,,,,,
Segment,6,Insurance,IN1,,,,,
Segment,6,Insurance Additional Information,IN2,,,,,
Segment,6,"Insurance Additional Information, Certification",IN3,,,,,
Segment,13,Inventory Detail,INV,,,,,
Segment,4,Imaging Procedure Control Segment,IPC,,,,,
Segment,16,Invoice Processing Results,IPR,,,,,
Segment,13,Interaction Status Detail,ISD,,,,,
Segment,17,Material Item,ITM,,,,,
Segment,16,Invoice Segment,IVC,,,,,
Segment,17,Material Location,IVT,,,,,
Segment,15,Language Detail,LAN,,,,,
Segment,8,Location Charge Code,LCC,,,,,
Segment,8,Location Characteristic,LCH,,,,,
Segment,8,Location Department,LDP,,,,,
Segment,8,Location Identification,LOC,,,,,
Segment,8,Location Relationship,LRL,,,,,
Segment,8,Master File Coverage,MCP,,,,,
Segment,8,Master File Acknowledgment,MFA,,,,,
Segment,8,Master File Entry,MFE,,,,,
Segment,8,Master File Identification,MFI,,,,,
Segment,3,Merge Patient Information,MRG,,,,,
Segment,2,Message Acknowledgment,MSA,,,,,
Segment,2,Message Header,MSH,,,,,
Segment,14,System Clock,NCK,,,,,
Segment,13,Notification Detail,NDS,,,,,
Segment,3,Next of Kin / Associated Parties,NK1,,,,,
Segment,3,Bed Status Update,NPU,,,,,
Segment,14,Application Status Change,NSC,,,,,
Segment,14,Application control level statistics,NST,,,,,
Segment,2,Notes and Comments,NTE,,,,,
Segment,4,Observation Request,OBR,,,,,
Segment,7,Observation/Result,OBX,,,,,
Segment,4,"Dietary Orders, Supplements, and Preferences",ODS,,,,,
Segment,4,Diet Tray Instructions,ODT,,,,,
Segment,8,General Segment,OM1,,,,,
Segment,8,Numeric Observation,OM2,,,,,
Segment,8,Categorical Service/Test/Observation,OM3,,,,,
Segment,8,Observations that Require Specimens,OM4,,,,,
Segment,8,Observation Batteries (Sets),OM5,,,,,
Segment,8,Observations that are Calculated from Other Observations,OM6,,,,,
Segment,8,Additional Basic Attributes,OM7,,,,,
Segment,8,Supporting Clinical Information,OMC,,,,,
Segment,4,Common Order,ORC,,,,,
Segment,15,Practitioner Organization Unit,ORG,,,,,
Segment,2,Override Segment,OVR,,,,,
Segment,7,Shipment Package,PAC,,,,,
Segment,17,Patient Charge Cost Center Exceptions,PCE,,,,,
Segment,7,Possible Causal Relationship,PCR,,,,,
Segment,3,Patient Additional Demographic,PD1,,,,,
Segment,3,Patient Death and Autopsy,PDA,,,,,
Segment,7,Product Detail Country,PDC,,,,,
Segment,7,Product Experience Observation,PEO,,,,,
Segment,7,Product Experience Sender,PES,,,,,
Segment,3,Patient Identification,PID,,,,,
Segment,17,Item Packaging,PKG,,,,,
Segment,8,Payer Master File,PM1,,,,,
Segment,16,Payment Information,PMT,,,,,
Segment,6,Procedures,PR1,,,,,
Segment,15,Practitioner Detail,PRA,,,,,
Segment,12,Problem Details,PRB,,,,,
Segment,8,Pricing,PRC,,,,,
Segment,11,Provider Data,PRD,,,,,
Segment,7,Participation Information,PRT,,,,,
Segment,16,Product/Service Group,PSG,,,,,
Segment,7,Product Summary Header,PSH,,,,,
Segment,16,Product/Service Line Item,PSL,,,,,
Segment,16,Product/Service Section,PSS,,,,,
Segment,12,Pathway,PTH,,,,,
Segment,3,Patient Visit,PV1,,,,,
Segment,3,Patient Visit - Additional Information,PV2,,,,,
Segment,16,Payee Information,PYE,,,,,
Segment,5,Query Acknowledgment,QAK,,,,,
Segment,5,Query Identification,QID,,,,,
Segment,5,Query Parameter Definition,QPD,,,,,
Segment,5,Query Response Instance,QRI,,,,,
Segment,5,Response Control Parameter,RCP,,,,,
Segment,5,Table Row Definition,RDF,,,,,
Segment,5,Table Row Data,RDT,,,,,
Segment,12,Clinical Relationship Segment,REL,,,,,
Segment,11,Referral Information,RF1,,,,,
Segment,16,Request for Information,RFI,,,,,
Segment,10,Resource Group,RGS,,,,,
Segment,6,Risk Management Incident,RMI,,,,,
Segment,15,Role,ROL,,,,,
Segment,4,Requisition Detail-1,RQ1,,,,,
Segment,4,Requisition Detail,RQD,,,,,
Segment,4A,Pharmacy/Treatment Administration,RXA,,,,,Medication Definition
Segment,4A,Pharmacy/Treatment Component Order,RXC,,,,,
Segment,4A,Pharmacy/Treatment Dispense,RXD,,,,,
Segment,4A,Pharmacy/Treatment Encoded Order,RXE,,,,,
Segment,4A,Pharmacy/Treatment Give,RXG,,,,,
Segment,4A,Pharmacy/Treatment Order,RXO,,,,Specialized,
Segment,4A,Pharmacy/Treatment Route,RXR,,,,,
Segment,4A,Pharmacy/Treatment Infusion,RXV,,,,,
Segment,13,Specimen Container detail,SAC,,,,,
Segment,17,Anti-Microbial Cycle Data,SCD,,,,,
Segment,10,Scheduling Activity Information,SCH,,,,,
Segment,17,Sterilizer Configuration (Anti-Microbial Devices),SCP,,,,,
Segment,17,Sterilization Device Data,SDD,,,,,
Segment,2,Software Segment,SFT,,,,,
Segment,2,Segment Group Header,SGH,,,,,
Segment,2,Segment Group Trailer,SGT,,,,,
Segment,7,Shipment,SHP,,,,,
Segment,13,Substance Identifier,SID,,,,,
Segment,17,Sterilization Lot,SLT,,,,,
Segment,7,Specimen,SPM,,,,,
Segment,15,Staff Identification,STF,,,,,
Segment,17,Sterilization Parameter,STZ,,,,,
Segment,13,Test Code Configuration,TCC,,,,,
Segment,13,Test Code Detail,TCD,,,,,
Segment,4,Timing/Quantity,TQ1,,,,,
Segment,4,Timing/Quantity Relationship,TQ2,,,,,
Segment,8,Transcription Document Header,TXA,,,,,
Segment,2,User Authentication Credential Segment,UAC,,,,,
Segment,6,Uniform Billing Data,UB1,,,,,
Segment,6,Uniform Billing Data,UB2,,,,,
Segment,12,Variance,VAR,,,,,
Segment,17,Purchasing Vendor,VND,,,,,
Segment,8,(proposed example only),ZL7,,,,,
FHIR Resource,Financial,General,Account,,,,,
FHIR Resource,Specialized,Definitional Artifacts,ActivityDefinition,,,,,
FHIR Resource,Clinical,Summary,AdverseEvent,,,,,
FHIR Resource,Clinical,Summary,AllergyIntolerance,,,,,
FHIR Resource,Base,Workflow,Appointment,,,,,
FHIR Resource,Base,Workflow,AppointmentResponse,,,,,
FHIR Resource,Foundate,Security,AuditEvent,,,,,
FHIR Resource,Foundate,Other,Basic,,,,,
FHIR Resource,Foundate,Other,Binary,,,,,
FHIR Resource,Base,Entities,BiologicallyDerivedProduct,,,,,
FHIR Resource,Clinical,Diagnostics,BodyStructure,,,,,
FHIR Resource,Foundate,Other,Bundle,,,,,
FHIR Resource,Foundate,Conformance,CapabilityStatement,,,,,
FHIR Resource,Clinical,Care Provision,CarePlan,,,,,
FHIR Resource,Clinical,Care Provision,CareTeam,,,,,
FHIR Resource,Foundate,Documents,CatalogEntry,,,,,
FHIR Resource,Financial,General,ChargeItem,,,,,
FHIR Resource,Financial,General,ChargeItemDefinition,,,,,
FHIR Resource,Financial,Billing,Claim,,,,,
FHIR Resource,Financial,Billing,ClaimResponse,,,,,
FHIR Resource,Clinical,Summary,ClinicalImpression,,,,,
FHIR Resource,Foundate,Terminology,CodeSystem,,,,,
FHIR Resource,Clinical,Request & Response,Communication,,,,,
FHIR Resource,Clinical,Request & Response,CommunicationRequest,,,,,
FHIR Resource,Foundate,Conformance,CompartmentDefinition,,,,,
FHIR Resource,Foundate,Documents,Composition,,,,,
FHIR Resource,Foundate,Terminology,ConceptMap,,,,,
FHIR Resource,Clinical,Summary,Condition,,,,,
FHIR Resource,Foundate,Security,Consent,,,,,
FHIR Resource,Financial,General,Contract,,,,,
FHIR Resource,Financial,Support,Coverage,,,,,
FHIR Resource,Financial,Support,CoverageEligibilityRequest,,,,,
FHIR Resource,Financial,Support,CoverageEligibilityResponse,,,,,
FHIR Resource,Clinical,Summary,DetectedIssue,,,,,
FHIR Resource,Base,Entities,Device,,,,,
FHIR Resource,Specialized,Definitional Artifacts,DeviceDefinition,,,,,
FHIR Resource,Base,Entities,DeviceMetric,,,,,
FHIR Resource,Clinical,Request & Response,DeviceRequest,,,,,
FHIR Resource,Clinical,Request & Response,DeviceUseStatement,,,,,
FHIR Resource,Clinical,Diagnostics,DiagnosticReport,,,,,
FHIR Resource,Foundate,Documents,DocumentManifest,,,,,
FHIR Resource,Foundate,Documents,DocumentReference,,,,,
FHIR Resource,Base,Core,DomainResource,,,,,
FHIR Resource,Specialized,Evidence-Based Medicine,EffectEvidenceSynthesis,,,,,
FHIR Resource,Base,Management,Encounter,,,,,
FHIR Resource,Base,Entities,Endpoint,,,,,
FHIR Resource,Financial,Support,EnrollmentRequest,,,,,
FHIR Resource,Financial,Support,EnrollmentResponse,,,,,
FHIR Resource,Base,Management,EpisodeOfCare,,,,,
FHIR Resource,Specialized,Definitional Artifacts,EventDefinition,,,,,
FHIR Resource,Specialized,Evidence-Based Medicine,Evidence,,,,,
FHIR Resource,Specialized,Evidence-Based Medicine,EvidenceVariable,,,,,
FHIR Resource,Foundate,Conformance,ExampleScenario,,,,,
FHIR Resource,Financial,General,ExplanationOfBenefit,,,,,
FHIR Resource,Clinical,Summary,FamilyMemberHistory,,,,,
FHIR Resource,Base,Management,Flag,,,,,
FHIR Resource,Clinical,Care Provision,Goal,,,,,
FHIR Resource,Foundate,Conformance,GraphDefinition,,,,,
FHIR Resource,Base,Individuals,Group,,,,,
FHIR Resource,Clinical,Request & Response,GuidanceResponse,,,,,
FHIR Resource,Base,Entities,HealthcareService,,,,,
FHIR Resource,Clinical,Diagnostics,ImagingStudy,,,,,
FHIR Resource,Clinical,Medications,Immunization,,,,,
FHIR Resource,Clinical,Medications,ImmunizationEvaluation,,,,,
FHIR Resource,Clinical,Medications,ImmunizationRecommendation,,,,,
FHIR Resource,Foundate,Conformance,ImplementationGuide,,,,,
FHIR Resource,Financial,General,InsurancePlan,,,,,
FHIR Resource,http://hl7.org/fhir/R4/Invoice.html,Invoice,Invoice,,,,,
FHIR Resource,Base,Management,Library,,,,,
FHIR Resource,Foundate,Other,Linkage,,,,,
FHIR Resource,Base,Management,List,,,,,
FHIR Resource,Base,Entities,Location,,,,,
FHIR Resource,Specialized,Quality Reporting & Testing,Measure,,,,,
FHIR Resource,Specialized,Quality Reporting & Testing,MeasureReport,,,,,
FHIR Resource,Clinical,Diagnostics,Media,,,,,
FHIR Resource,Clinical,Medications,Medication,,,,,
FHIR Resource,Clinical,Medications,MedicationAdministration,,,,,
FHIR Resource,Clinical,Medications,MedicationDispense,,,,,
FHIR Resource,Clinical,Medications,MedicationKnowledge,,,,,
FHIR Resource,Clinical,Medications,MedicationRequest,,,,,
FHIR Resource,Clinical,Medications,MedicationStatement,,,,,
FHIR Resource,Specialized,Medication Definition,MedicinalProduct,,,,,
FHIR Resource,Specialized,Medication Definition,MedicinalProductAuthorization,,,,,
FHIR Resource,Specialized,Medication Definition,MedicinalProductContraindication,,,,,
FHIR Resource,Specialized,Medication Definition,MedicinalProductIndication,,,,,
FHIR Resource,Specialized,Medication Definition,MedicinalProductIngredient,,,,,
FHIR Resource,Specialized,Medication Definition,MedicinalProductInteraction,,,,,
FHIR Resource,Specialized,Medication Definition,MedicinalProductManufactured,,,,,
FHIR Resource,Specialized,Medication Definition,MedicinalProductPackaged,,,,,
FHIR Resource,Specialized,Medication Definition,MedicinalProductPharmaceutical,,,,,
FHIR Resource,Specialized,Medication Definition,MedicinalProductUndesirableEffect,,,,,
FHIR Resource,Foundate,Conformance,MessageDefinition,,,,,
FHIR Resource,Foundate,Other,MessageHeader,,,,,
FHIR Resource,Clinical,Diagnostics,MolecularSequence,,,,,
FHIR Resource,Foundate,Terminology,NamingSystem,,,,,
FHIR Resource,Clinical,Care Provision,NutritionOrder,,,,,
FHIR Resource,Clinical,Diagnostics,Observation,,,,,
FHIR Resource,Specialized,Definitional Artifacts,ObservationDefinition,,,,,
FHIR Resource,Foundate,Conformance,OperationDefinition,,,,,
FHIR Resource,Foundate,Other,OperationOutcome,,,,,
FHIR Resource,Base,Entities,Organization,,,,,
FHIR Resource,Base,Entities,OrganizationAffiliation,,,,,
FHIR Resource,Foundate,Other,Parameters,,,,,
FHIR Resource,Base,Individuals,Patient,,,,,
FHIR Resource,Financial,Payment,PaymentNotice,,,,,
FHIR Resource,Financial,Payment,PaymentReconciliation,,,,,
FHIR Resource,Base,Individuals,Person,,,,,
FHIR Resource,Specialized,Definitional Artifacts,PlanDefinition,,,,,
FHIR Resource,Base,Individuals,Practitioner,,,,,
FHIR Resource,Base,Individuals,PractitionerRole,,,,,
FHIR Resource,Clinical,Summary,Procedure,,,,,
FHIR Resource,Foundate,Security,Provenance,,,,,
FHIR Resource,Specialized,Definitional Artifacts,Questionnaire,,,,,
FHIR Resource,Clinical,Diagnostics,QuestionnaireResponse,,,,,
FHIR Resource,Base,Individuals,RelatedPerson,,,,,
FHIR Resource,Clinical,Care Provision,RequestGroup,,,,,
FHIR Resource,Specialized,Evidence-Based Medicine,ResearchDefinition,,,,,
FHIR Resource,Specialized,Evidence-Based Medicine,ResearchElementDefinition,,,,,
FHIR Resource,Specialized,Public Health & Research,ResearchStudy,,,,,
FHIR Resource,Specialized,Public Health & Research,ResearchSubject,,,,,
FHIR Resource,Base,Core,Resource,,,,,
FHIR Resource,Clinical,Care Provision,RiskAssessment,,,,,
FHIR Resource,Specialized,Evidence-Based Medicine,RiskEvidenceSynthesis,,,,,
FHIR Resource,Base,Workflow,Schedule,,,,,
FHIR Resource,Foundate,Conformance,SearchParameter,,,,,
FHIR Resource,Clinical,Care Provision,ServiceRequest,,,,,
FHIR Resource,Base,Workflow,Slot,,,,,
FHIR Resource,Clinical,Diagnostics,Specimen,,,,,
FHIR Resource,Specialized,Definitional Artifacts,SpecimenDefinition,,,,,
FHIR Resource,Foundate,Conformance,StructureDefinition,,,,,
FHIR Resource,Foundate,Conformance,StructureMap,,,,,
FHIR Resource,Foundate,Other,Subscription,,,,,
FHIR Resource,Base,Entities,Substance,,,,,
FHIR Resource,Specialized,Medication Definition,SubstancePolymer,,,,,
FHIR Resource,Specialized,Medication Definition,SubstanceProtein,,,,,
FHIR Resource,Specialized,Medication Definition,SubstanceReferenceInformation,,,,,
FHIR Resource,Specialized,Medication Definition,SubstanceSourceMaterial,,,,,
FHIR Resource,Specialized,Medication Definition,SubstanceSpecification,,,,,
FHIR Resource,Clinical,Request & Response,SupplyDelivery,,,,,
FHIR Resource,Clinical,Request & Response,SupplyRequest,,,,,
FHIR Resource,Base,Workflow,Task,,,,,
FHIR Resource,Foundate,Terminology,TerminologyCapabilities,,,,,
FHIR Resource,Specialized,Quality Reporting & Testing,TestReport,,,,,
FHIR Resource,Specialized,Quality Reporting & Testing,TestScript,,,,,
FHIR Resource,Foundate,Terminology,ValueSet,,,,,
FHIR Resource,Base,Workflow,VerificationResult,,,,,
FHIR Resource,Clinical,Care Provision,VisionPrescription,,,,,
FHIR Data Type,http://hl7.org/fhir/R4/datatypes.html#base64Binary,Primitive Types,base64Binary,,,,,
FHIR Data Type,http://hl7.org/fhir/R4/datatypes.html#boolean,Primitive Types,boolean,,,,,
FHIR Data Type,http://hl7.org/fhir/R4/datatypes.html#canonical,Primitive Types,canonical,,,,,
FHIR Data Type,http://hl7.org/fhir/R4/datatypes.html#code,Primitive Types,code,,,,,
FHIR Data Type,http://hl7.org/fhir/R4/datatypes.html#date,Primitive Types,date,Types,,,,
FHIR Data Type,http://hl7.org/fhir/R4/datatypes.html#dateTime,Primitive Types,dateTime,,,,,
FHIR Data Type,http://hl7.org/fhir/R4/datatypes.html#decimal,Primitive Types,decimal,,,,,
FHIR Data Type,http://hl7.org/fhir/R4/datatypes.html#Element,Primitive Types,Element,,,,,
FHIR Data Type,http://hl7.org/fhir/R4/datatypes.html#id,Primitive Types,id,,,,,
FHIR Data Type,http://hl7.org/fhir/R4/datatypes.html#instant,Primitive Types,instant,,,,,
FHIR Data Type,http://hl7.org/fhir/R4/datatypes.html#integer,Primitive Types,integer,,,,,
FHIR Data Type,http://hl7.org/fhir/R4/datatypes.html#markdown,Primitive Types,markdown,,,,,
FHIR Data Type,http://hl7.org/fhir/R4/datatypes.html#oid,Primitive Types,oid,,,,,
FHIR Data Type,http://hl7.org/fhir/R4/datatypes.html#positiveInt,Primitive Types,positiveInt,,,,,
FHIR Data Type,http://hl7.org/fhir/R4/datatypes.html#string,Primitive Types,string,,,,,
FHIR Data Type,http://hl7.org/fhir/R4/datatypes.html#time,Primitive Types,time,,,,,
FHIR Data Type,http://hl7.org/fhir/R4/datatypes.html#unsignedInt,Primitive Types,unsignedInt,,,,,
FHIR Data Type,http://hl7.org/fhir/R4/datatypes.html#uri,Primitive Types,uri,,,,,
FHIR Data Type,http://hl7.org/fhir/R4/datatypes.html#url,Primitive Types,url,,,,,
FHIR Data Type,http://hl7.org/fhir/R4/datatypes.html#uuid,Primitive Types,uuid,,,,,
FHIR Data Type,http://hl7.org/fhir/R4/datatypes.html#Address,General-Purpose Data types,Address,,,,,
FHIR Data Type,http://hl7.org/fhir/R4/datatypes.html#Age,General-Purpose Data types,Age,,,,,
FHIR Data Type,http://hl7.org/fhir/R4/datatypes.html#Annotation,General-Purpose Data types,Annotation,,,,,
FHIR Data Type,http://hl7.org/fhir/R4/datatypes.html#Attachment,General-Purpose Data types,Attachment,,,,,
FHIR Data Type,http://hl7.org/fhir/R4/datatypes.html#BackboneElement,General-Purpose Data types,BackboneElement,,,,,
FHIR Data Type,http://hl7.org/fhir/R4/datatypes.html#CodeableConcept,General-Purpose Data types,CodeableConcept,,,,,
FHIR Data Type,http://hl7.org/fhir/R4/datatypes.html#Coding,General-Purpose Data types,Coding,,,,,
FHIR Data Type,http://hl7.org/fhir/R4/datatypes.html#ContactPoint,General-Purpose Data types,ContactPoint,,,,,
FHIR Data Type,http://hl7.org/fhir/R4/datatypes.html#Count,General-Purpose Data types,Count,,,,,
FHIR Data Type,http://hl7.org/fhir/R4/datatypes.html#Distance,General-Purpose Data types,Distance,,,,,
FHIR Data Type,http://hl7.org/fhir/R4/datatypes.html#Duration,General-Purpose Data types,Duration,,,,,
FHIR Data Type,http://hl7.org/fhir/R4/datatypes.html#HumanName,General-Purpose Data types,HumanName,,,,,
FHIR Data Type,http://hl7.org/fhir/R4/datatypes.html#Identifier,General-Purpose Data types,Identifier,,,,,
FHIR Data Type,http://hl7.org/fhir/R4/datatypes.html#Metadata,General-Purpose Data types,Metadata,,,,,
FHIR Data Type,http://hl7.org/fhir/R4/datatypes.html#Money,General-Purpose Data types,Money,,,,,
FHIR Data Type,http://hl7.org/fhir/R4/datatypes.html#MoneyQuantity,General-Purpose Data types,MoneyQuantity,,,,,
FHIR Data Type,http://hl7.org/fhir/R4/datatypes.html#Period,General-Purpose Data types,Period,,,,,
FHIR Data Type,http://hl7.org/fhir/R4/datatypes.html#Quantity,General-Purpose Data types,Quantity,,,,,
FHIR Data Type,http://hl7.org/fhir/R4/datatypes.html#Range,General-Purpose Data types,Range,,,,,
FHIR Data Type,http://hl7.org/fhir/R4/datatypes.html#Ratio,General-Purpose Data types,Ratio,,,,,
FHIR Data Type,http://hl7.org/fhir/R4/datatypes.html#SampledData,General-Purpose Data types,SampledData,,,,,
FHIR Data Type,http://hl7.org/fhir/R4/datatypes.html#Signature,General-Purpose Data types,Signature,,,,,
FHIR Data Type,http://hl7.org/fhir/R4/datatypes.html#SimpleQuantity,General-Purpose Data types,SimpleQuantity,,,,,
FHIR Data Type,http://hl7.org/fhir/R4/datatypes.html#Timing,General-Purpose Data types,Timing,,,,,
FHIR Data Type,http://hl7.org/fhir/R4/datatypes.html#ContactDetail,Metadata Types,ContactDetail,,,,,
FHIR Data Type,http://hl7.org/fhir/R4/datatypes.html#Contributor,Metadata Types,Contributor,,,,,
FHIR Data Type,http://hl7.org/fhir/R4/datatypes.html#DataRequirement,Metadata Types,DataRequirement,,,,,
FHIR Data Type,http://hl7.org/fhir/R4/datatypes.html#Expression,Metadata Types,Expression,,,,,
FHIR Data Type,http://hl7.org/fhir/R4/datatypes.html#ParameterDefinition,Metadata Types,ParameterDefinition,,,,,
FHIR Data Type,http://hl7.org/fhir/R4/datatypes.html#RelatedArtifact,Metadata Types,RelatedArtifact,,,,,
FHIR Data Type,http://hl7.org/fhir/R4/datatypes.html#TriggerDefinition,Metadata Types,TriggerDefinition,,,,,
FHIR Data Type,http://hl7.org/fhir/R4/datatypes.html#UsageContext,Metadata Types,UsageContext,,,,,
FHIR Data Type,http://hl7.org/fhir/R4/datatypes.html#Reference,Special Purpose Data types,Reference,,,,,
FHIR Data Type,http://hl7.org/fhir/R4/datatypes.html#Narrative,Special Purpose Data types,Narrative,,,,,
FHIR Data Type,http://hl7.org/fhir/R4/datatypes.html#Extension,Special Purpose Data types,Extension,,,,,
FHIR Data Type,http://hl7.org/fhir/R4/datatypes.html#Meta,Special Purpose Data types,Meta,,,,,
FHIR Data Type,http://hl7.org/fhir/R4/datatypes.html#ElementDefinition,Special Purpose Data types,ElementDefinition,,,,,
FHIR Data Type,http://hl7.org/fhir/R4/datatypes.html#Dosage,Special Purpose Data types,Dosage,,,,,
FHIR Data Type,http://hl7.org/fhir/R4/datatypes.html#BackboneElement,Special Purpose Data types,BackboneElement,,,,,
FHIR Data Type,http://hl7.org/fhir/R4/datatypes.html#xhtml,Special Purpose Data types,xhtml,,,,,
